/*
 Navicat Premium Data Transfer

 Source Server         : 192.168.31.222（LdapAuth）
 Source Server Type    : MySQL
 Source Server Version : 80036
 Source Host           : 192.168.31.222:3306
 Source Schema         : ldapauth

 Target Server Type    : MySQL
 Target Server Version : 80036
 File Encoding         : 65001

 Date: 31/07/2024 16:58:37
*/

SET NAMES utf8mb4;
SET FOREIGN_KEY_CHECKS = 0;

INSERT INTO `lda_file_upload` VALUES (1818126821928091649, 'logo.png', 0x89504E470D0A1A0A0000000D49484452000000CF000000CE080600000099DD56FA000000017352474200AECE1CE90000200049444154785EED5D077C14D5F39F4DBBF4DE3B4920F45EA47712AA4817B117ECFC544450D050548A88208A28228AA8105490162001A44AEF214048EFBD5E72B9F2FEFFD9DCEEED5D2EC95D72B9DC5DF67D3EF751B26F5F9937DF9D79F366E651C09716A70001422D87E594EBF8FE964502CAA74A603159646336BDDAC6A2BD48606E5F636D6129B13437135B9951120B8A22166620A3CC8098D50E8D9211A00821661219B1901099658D4C665123155B554BAA0535925C4195E49C4028D96B5B53751D4A9C2B3E3935424A01455A7C626DBC03AA8DCF5FA7D3479044CF8C368BAFB4F3287617BC55E92878B6DC45E05EE128B0909953486B7DD19B984989D4BEAC5AE4505A93695F52FD8773BE781B54D9E4F0C0D2DD92EB6B317537620369899626234E994BED2BBA94BADB6D2AF6B0E953EA66638DD2434B90A893108D490DD575D3781D516A39170ACB9C0BAAFE74CDAD5E06872FE7454194CC40C86A54C3D098E84635AB161AEC9E997BCCE3457683F3BCECB61579D90697BA5A5B34D2556320D0C548B96BA8DA9FBAF565FEC6D4254E45D5556EB9C2C3CE7925EF59EEBF91C98349B365E1C1D3009D50BAAC1DFC8F7D7EB0EDEA7C6FFB67F37DED6C0845AB5EAA0CA8AE152546F671B6A2BC1CAD88BBBD25B8DB5B50AEF696E0646341FFECADCDC1D6CA0CAC2DCD2881050596E666606E5EDB11166C482A252096CA402421502D9611618D0C2AAAA5505A25A17F45156228A8904041851872CB6A20BBA446130E505D7F421190796455E4B96757BEE99065F14FD4A991124D1A6A8B7578F0A8AC3AAD8E8D3FE250E26EF54BAEBFC3F8120F1B4B1535AC4169E2EF2280504F1B0876B786403701E0BFFD5D0414BDE3D16321044846B108F09756288294826A78945745FFBB81A22AC5884B7E55A95766F9D276F9353FBE7D6442832FEB717A06D1959E97D420E6AC76105F0EDC63931DE4F2634EA0C3F4026F5B2E60EA058B9DC01CBAFADA42B88F2D74F4B1850EDEB6144A10432EC21A1979902384846C21DCCF16C29D2C21548AA4EA865C0748EE39C222EFD4B2A7FAC94AE26645CF52FB9221CF5DD7636BD3E089822833E9A43EDD72829C4F64053BBAC82D620C8DD582A647801DF40A74801E81F610EE6D83758D9986F41CEFE754C1CDB40AB89E560E37D32BEBE331568B349312994F4AC9F590A4CA094B8E8C2F68AB6671635EF8267F48B6F6D96AF9A07DE87759218E4F97B8D39BFE7AF730285D06843840FF1047E81B6C4FD95A9937B95F63785158232557522AE05252195C4C2A57954A75F648CE0555950149A54FD9FE71FE605B3334B429F0AC1B77D42ECDCFF2547AA8736F91AD05B3F1AF2361AC2C2818D2DE89FE3D16EA68ECD2A5399825FF3D2A83B30F4BE95F8D4489544A6A9DB5502209482C5EEF9A62B6ACAD18194C1E3C6800583FE2A05B527BC79B691D9C7CA4E6F4390C63C45262AC9E81F630B2A3338CE8E84C599A9B3C69B40295584AE05442093999500237D22A54DF65696A2E95C9021F94FCED5992F75454F42C8D4C7E5A0DC4802A9B2C872068360C8C7679D0CDEB6E5AB88B97DCC45C07340ED6E630AE8B0B8CE9E202416ED6264B0F5DF25C6A613589BD5B0CC7EE164379B592DD80A51F9ABC83EE17FEED559C3FD754416492CCB269C061C7FB5D6DEFA4863BFB4B2D5849A3049C100F6B98D8C30D22BBBA00A57743B22E59B9F5DA228440CC9D6272E8662124E55733035152E7CC253259F083E21F8695E6BF696A163A93024F54E73D56A5BD5D4F2677741D28DFD3D4B19CF508B087C93D5D6150989349CDBDF52054DBF3F9C45272E04611DC4C6755BA3A7BA276F70A5F5DBF6BCC4FA6629D3309064293B368DA638B533ABAAE2871B7E69AC3D81D6E9F600798DACB0DFA043B98C49C5B1B2CF5F57F35A51CF65D2F84AB29E50CED9540E45C505511145FD47DF5BEF129863A074DC765D48C84FB9A35630E042476744DC80C71B4566772EEE66F0733FA7A40BF763C6834650A5DD4BB9C5C0E7BAFE4C3ED8C4AB520F24B2E39DDEFFCBDB1F3AFCE17EBA2BFD668C368C11335E2A445999FF4CCA3AE6E036A044AA6317AB1D035E6C9015E303C9C57CF5A83B1983EFFBD5F0ABF5FCC25E822242FAC65CE4A241577B8933F79EDAEB1C78D5195333AF0A0B45935E650C7873D5C6FE4FBD95B711883068DC0C20C9E1AE889D2C6E8E6D69A4CDED27DA314DA75218F88246CF4030B228F8CF2F49087459DA20E4C16B6F43874D9BE5131188604FC27708B7BD8CD6D98C4B2EE79CDD82E2EF0CC202FCACD1E5DD3F862681428AC10C32FE773E1F8DDE23AAA9C8558260DBB9D3FF7CB5FC7441B8B14321AF0AC1A75C0EF5137D7C49C2007DCDB2859D1025D05F0C2501FE81FC2EF6B0C0D30EAC67329A91CB69FC9266945B42AA76450F0492DBB1478533CC418BC140C1E3CA8A67DF8C4D1650F7B787C52E968C97559A6BF5E680C7861A8B7C1CFC318985ADF63DC7E2687A03AA7BA17B22B175777B8991FFAD95F91D9FA1E9336FD1934D3A103E79DAE1DE2137BB885AA5AD282DCACE195113E54AF407B6DE6CBD735300A5C4FAB20DF9FCA86D442FA9095CB8FB2F6B7F2DEDDB863F4264355E30C163C9F0EFDD3E7516F9FE4EC207B81AA9A869E01AF8DF4A1CCF41D6166608C672AC39111025B4E66037A2AA814E293567E2BF0464D5F4354E30C0E3C74246764CCF87B7DDD0E94B95A2BA96918A2FCD6187F6A54276753E11B7E1E1C0A9CB857025FC766D0A1E6DC0FA6535195B0E77F657E8B63C7961A12C10C0A3C089C25D38E6F8AEFE7F18658E5ECA6B3AF2D2C18EB4F05B87205912191921F8B2E28905E24828DC733203E4BD96A6D29924A3A5ECBE9BA367AFC7D5DF4A38B360C063CE862533A6FE89584DE1E3D552D3013BABBC19BA37D0D66ACBA203CDF46C314D81C9705876FD551E3A49DAEE74CF972E7B8C386403F836048340CDCEA199E9ED4C5D54B9528AF8CF081A9BDDC0D8156FC18F44C817DD70B008D092A4516165FB868D3B6115FB6B621A1D5C1B329ECB0E0CE58FBBCF4F6CE74C826536CACCCE1FD487F269253CFCBC677672814C048D67531195055A3143744021F95ECF8EE9BA12FB626805A153CEBBA1FB5BB3FCC3E2F33C4C196BB5898AEE9830901740A27BEF014C094596B0EA7ABA6CD22FEC9A5C7FCBE8E9BD05AB9135A0D3C6B06EF77B8D7D7232F37C89EEB31005DFCEC60C9C44070B56B2C1927CF546D8902459512F8FC501ADCCD54CAEE43BCD3CA2E057D153BA83500D42AE0C148CFEB039DF3720295CE70E80C354B270582059F3FA02DE142E3B94AA404561D4CA333FB700AF14E2FBF15B4E1786F7D0348EFE0418993D0CF235F1538C3C29D61F184008D09C9576CBB14587D381D4EDF2F5105D0F5A00DC7FBE913407A05CFD63E076C2F0E762DCC0E5672EE84D19D5CE0BD48FFB6CB0DFCCCB5A6C0FA980C88BB57AC0420DF94B2B3DB360D1EAE2F2382DEC08356B5DB631D0A32DA3B2939A3A1B7C0C2485EE268CD3DFC0BF0454C3AA0570257850B7858F2D7D62D4367EA03407A010F467DE68799E726757676E5CE7444476758349E070E8F83A65360ED9174CC27A704A09084A22F367F3FFC839606508B83073D078A9E1E9EF8B0975B3BEE0C3113E7C753829A4E35FE4D9E02720AACF82715F03C882B81C26FE63DFDD5CF6376B524915A143CE8ABB668565CEC9DC73C47725D6EBA07D8C3E7D3DB01EF14DD924BDB76DA260460C99FC9704B91F60A272FEB7939BBCBE7BF4724B414255A0C3C089CA5138F2CBB39DC378A9B7810EFAD593333043053275F780AE88A0298B9F483E824FA1E22A6584864E23EE7933DA3F63DA1A4D7E9AACF1603CFA7A3FEE97D7D88EFE54A67C585358E36E6B07666289DD9862F3C05744D01CCD0B328FA119455295C79EC4A6B2ABBC627B9B644CADF16010FBADDDC19E3589CE76FA7948963D5B460E81DE4A06B9AF1EDF1146029702DB51C96FEA5944F91786656A4B65B7F2C54D767403A07CF1ED8637EF265EFFC944ECE2EDC357D6B8C1F8CEFA6646CE3979CA7408B50E0C8ED22F83A3653C980107AAF68E7D73F0C7F4E9716389D82873610CC883D716790D708EEC8A7F5F180978679B708A1F846790AA8A3C0B6D339F0D75536B90856215D2F66F55DB73BF29AAE28A653F0AC1C7364DAD5515E7B45D6F4C55174C11CD12B9F08D6D578F976780A684C81657FA760CE6CB6BEA05A221E7620D1E9DD0BB3AA346EA4818A3A03CF379DF7D8FF3721B0A4C0D79635A3B9D859C0C627C3C0DD814F42A88BC5E2DBD08E0205E56258F07B2214574AD817DDB32B3242D71D0BD2C5FE4727E0C183D0C26747E626F670510AF9C44350F9B584DACD9AAFCD53404714C0C3533C44E514D2FE4ED1279BB68F58D9DC2E74029EA5E363965D1DEBBB9C7B103AAB9F073C3784DFE7347781F8F79B4F811D677360CF65A5FD8FACE7F10CEFCF8F4C50FAA3B63D351B3C189B7361947B718987224D1406B4AD9B15A2ED58F8FA3C055A8C02EFEF49520AA4732E1056847F16E3D41CF5AD59E041EBDADBCF9FCE4BECA6ACAE6D9C1B06EDBDF810EA16E304BE61AD29F030B70A16FC96A8ACBEDD2AD8BE69C7A897B46E4CFE42B3C0131571F8994BE3FC77702ECB85E7877AC3CCBE1E4D1D0FFF1E4F8116A340F4957CF8E94C0EDB3E5E3A3CEC48AE6B53932936193C189F73F971978A023F45B281AEFE76B07626AFAEB5D8EAF30D379B028BA293E04E86220F82475645D6CF5F0CF46FCAE16993C083EADAC2D9274EC50FF018C69DCD977342A1A38F52229C664F966F80A7802E2990902D8477FF78A4A4BE75BE923B7EFD6F638F6ADB4F93C0B36ED05F9E172283B3ABEC2DD85CD2D3FBBAC38B437DB4ED9FAFCF5340EF14F8F14C36FC79A580EDD7A6422C8ED87FC54EDBFB51B5060F4A9D375F3C939FD4C5D98DE9DDD3D10AB63DDF012CD8CBDAF44E0FBE439E021A53402223F0D24F0F20AFAC867D2734BEE8E0E66D23266BDC884A4E688DDE5B39FA50E485090187B946827723FCC998CE2E5A0351A30EF94A3C055A8002B1F1C5F0E5D10C25E3C1F0BF929D3F38F7B8C29FA7917EB56278F4983EF6BA6F656698231B90D33DC00E56CF08C13B21B46AAB05E8C137C953402B0A2CDE9B04B7D215C683804725495BBF191AA6A9F1402B86FF382266C1E508DF0D5CA02070BA07D869D58E5633E42BF31468210A207010409C42069F480D587A70B2523C437DDD6BCCF4980127B5BBA02A27D89ECD833BAC8313593C3150E3365A88067CB33C059A4C81D587D2E0F403C59D593EA9E5053F6E1CE4A989F4D198F19745C42CBA12E1BB863BCACDF3DA93100F6B8DDB68F20CF917790AB4100592F2ABE1CD5F1F2A499F41275342971D9892DC58971A313EEE758EBCED8F52878D2D18D3D985BC1BE1AFD1FB8D0D827FCE53A03529808603342030C527B5ACE0C78D831B953E1A317FD4E823732E4EF4FB8DBBD7D9F24C0712E426D0E8FDD6240CDF374F81C628905A2882D77E79A0247D06C4A6FB461D9EA8F0E551D348A3CC8FB13A99AF8F15668439B016B6519D5CC8C2485EEA34B628FC73E3A1C0173119708293FBDAFF5169C6F7DF0C096C68EFD32878568D38D4F7DC94804B5CA9F3D5DC30D2C1CBA6D1778D8774FC48DB3A051EE456C1FF54BCAE47FC99ECD4D0B94F83005017723020C4817CF2389D9380074F5BE738139B7FD4FE14B894A438230DBB53F8EFD7DB472A25B3E14EB94100ACEEB3C7E9E2D4B0E26A3B45428FE5538349BF760E3C704C8C71F8E9005C4E2E874FF62972BED90825D2EEB1A5D651A7462A92207008D52008DE9F1E77F4CE608F714CFD100F1BB2795E182F75784E33590ABCF96B2224E5B3C97548F70BD96FAC898ED8A26EC2F582070F4513FBD95617FAD830D970C8AB237C614A2F375EEA982CEBF013FBE77A217C772A8B25845BB6B07AE7BA01B6EA0C07F50261F9E89891FF4DF48D63F636E6664076BFD6196CADF80B437916335D0A086BA4307B4B3C4865EC1CC9887F32023F383541E1452A7FA4163C682878E3F93379C9DD9CD9545263BBB89077C6D1571FF292C77479879F19006C389601C7EF2A0E4D43EF14DEDEBC7D647755E2A805C29703F7D89C8B08AB103AB2C16EE4B3E9EDA067A03D0F1C9EBD4C9E0237D22AE0C33F15DE3976E56269D74F0E58A966DA510B868F228E2DBA16E1CDF8B1113F1701FCF05C075EEA983CDBF0136428F0F28E0724B358C4E083F43D9ED167E59109D71B3455A3CAF6EAFCB31569E14E4C320232BBBF273C3BD88B070FCF5B6D86023F9FCB25BB2FE5B1C225E84171DA77DF0D57BA07B48EE44195EDCCC4B0CA6A5BF66C876C7A2A0CC23C798F8236C339FC442131AF8ABCBD2B91C587759544D6E3A37F2CB9AA5B1DF02C8B3CF6DC9571DE3FC9E987CE9FB0E5195E65E3F9A9ED51009D45D16994C1C2C0A329DD3E3E3AE52EF30725F0D056B617CFE4272B927B9059FD3DE1395E656B7B9CC3CF18769CCB853D97F2584A84C417DEFE669BC2EAA6041E8CDB895E165253E142DF238A7909E08BD9A1D0D9D796B7B2F1CCD4E628109F25240B77D339DE68FE7728168977AFEC2B600E4C9540B172D8D176E7A7FA606DFC3B71B1B5805DF33B198BA18006BB4A694BA0579D7F5B9A7B4B019B3CB5F51E140B69D7361A1303766738475D9C50560714EFCE3C71F4DE4077C6978D8CEEEC02EF4518FEC1A8F7F67B35B996AE780532CE12A5264E94B22CCF37BB3DDAD22A3C3CDC641969D7AE5D306FDEBC3A1F8EF9F3E7C3860D1B281B1B3EE17E7390B5FE680689E3449976BD94B374DD1FE33E53020FEE775E78FB02865A63D01BBD18081C0490A17B1538EC48AEAE30B3150105E8D187A1E20480920110AB84FE254E6D143CD4860D1B80074F73A00310175F4CD62BF2BB513EA965C5DB370EA16FA666BFC8E8087A639C4B8DC89A4EFB4983E7E7973A828783A5C17FB5A99DB9550054350041C9630940E1F8A500C4A20D8087CC9B378FB508316BCA4B9EE68186793BBF5C4C9EDD96C01AD804D55269CF0FF7D3DE062C30560E3BD0FEFCD4A0FB8C6E17E02A80ADCF1A87899ADA995B0D40C9FDC8893910204081140898270C28713471C9C3808751DDE8359D3F7F3E2F7974831F32FFE707905EC49AAC61C03F8F5CA34E3D51C28267E18C13DBEF0E727F9E913A91DD5CE1ED317E06AFB2D10364C143703E081E190D1E00B3362C7978F0E8083C9B623321E67611DB5AB7F339EFAFDD3B6E3D0B9E975F3B5792D1DEC189010F7A508FED62F8FB1D0578A09A361650600632900245C98010B3362479945885973CBA410EB672FC6E31414F6B79A102124BB2BFFF76982F0D1ECC907377D9E49A0A174B0C7CA3C5FF9667DA43909B712434A4250F013418A0A50D7F188D816A1BD506C0539FB58D973C3AC24F6A613579ED17363122E5505223DEBDA24F6DDE35F4673B3EB32366BCA68D05760273887EBDB351A86C72C9830A29FE1833350F1E7ECFA323E8D0CD9099DFC643A5087702B565C03F85563478568C3C3CFCC264FF53F2BF93EE01F6B07A463B63030F5EB6429FEFA8481E87F0F070F6122E5D52D410DA5273CE43DF58C1AB6D3A5D1DB2786F32DC4AAF601B1D7C30358006CF7B33E20EC40FF298C4A86C537AB901E62B30F4F31D5609DD998B5247CCE8A43C7878F0E8143A0004F31A607E0386C7BA5DC85E4483E7D597CF96A676727464C0835636B4B619117850EA30D77CC9250F25911B0CDA92E461CDD5BCE4D12D7C626E1711B4BA3198084E284EA2D0B360DEC2CBE2225F6BD6582077063566F0480128290F1EDEC340571052751275CBAE12516869BBB9EA7149B52D9D1507BF5CE48F573B538E36C6932587DA99CB953C482F341848E487A45CC9A37490A82BC2B6663BBB76ED523D24A53F7ABCE4D1EDAA945549C99CEFE2598182C17194AAA5CDD1DA9CFCF15A6766E3ADDB11B4506B9462CF537BBD23C1731EF69094F13060DD8E387BA3161A91E6CDCA6432484F4F8798981872EAD429B87FFF3E5CBF5E1B2A1F1414043D7AF480C8C84898346912E5EFEF0F14A5EC2DA50FF0141717C3CD9B37E1EAD5AB70E5CA15C8CDCDA5FF5D54A43838747070809E3D7B829B9B1B0C1C3810060F1E0C5DBB760527273C3A348942E66C8987B26A29B300845AD7FF9F7627E604E3DD72F457B9BD970DD93837CC18C1A3B8DAB8D6C300FDDCCC13FAB3EE39AAE06955B5542412416C6C2CAC59B3869C39734623EE7AE6996760F9F2E55470309D2B9C2E1C6B1BD7B3BAD992A7ACAC0C0E1E3C08DBB76F87B8384CDFA77D41403DF1C413F0EAABAFC2800103C0CCCCA88D9E64C16F89F010DD28E5473AD4C7E38E4EBE1CE9F30F039EC1ED1DC94793828C193CC844B56A1B50E609FD8B19AF6A75E0691500DDB87103962D5B469039B52C5450501059B76E1D357DFA749A19750D9ECACA4AF8FEFBEF61E3C68D909A9AAAE5F0EAAF8EC05FB56A15040404E8AC4D3D37443E3D980AE71EB2A13C845A3C352EEAE6308F4F18F04CEDED4E5E19EE63C4E021B51ED5145ADB280B43020F2104FEFEFB6F78F7DD7749731813BFE89F7DF619855FF4DDBB77331E06CD963C0F1F3EC4B1D112A7250A4A9F6DDBB6D1EA9C3196EFFFCD26FBAE15B043A7163C75EAC8833EAE910C785E1CEA03D3FBD289420D3E148199857CCF836A1BFA5313DAAF0D089EFB604882B3DCABBA3EC9A397B922707EFFFD775A85292F2F5717F5CAE5A746A3421140DF7DF71D857BA6A79F7E9AA9DF6453F5BD7BF7E0F9E79F878B172F36C6D70D8DBD519E993871220D206F6FEFC6FA31B8E77F5E29203F9EC95680E7D517CFA6A676710C642C6DEF45F853C61000C7A5AC127818BF363A9E47093C0D2D46A38BDEDC95FCF7DF7FE1D9679F4555A85EE69B34691299356B16E9DBB72F787A7A0202E3D1A34770FAF469EAD75F7F85DBB76F2B8D130D0AA3478FA6B66FDFCE6D536B0F83FCFC7C0C61A0A5623D8574EBD60DA64D9B46FAF5EB07212121F4F8E4854283477272321C3F7E1C0E1F3E8C736C909E9F7DF6192C5AB408CCCD993B049A4B5DFDBC2F0F8C633F50D40B6F9E2FCF0EB1B767C0B3E28960AA6FB0835EBEC6BA9AB21C3C228ED441E0E0CF9223791AEBAEC50094999989D2014E9E3C8963A8031E644864A851A34691FA36D52291888A8E8E86A54B976AB417D1D4548D1271D3A64DF0BFFFFD4F1D7D085AFBD6AE5D8B63030B0B8BFA80CFD2AEAAAA0AFEFCF34F7A7F73FFFE7DB5341D346810FCF6DB6FB435D198CA959472F2F1DF290AF03CBDF0A2A8C0D7C64ABEC9860D4F8652E1DE46952D87503B736A8050D5B4915A59F230E0D1C4CCD322E0914AA534F37DF8E1876A813373E64CCC35007E7E74EC94DA3ACC171EFF8BE6E237DE788351AFEA554535050F4A8C279F7C52ADBA3660C000F2D34F3F41A74E74129886C657877677EEDC81975E7A89AA4F0DDCBF7F3F4C9932C598B003F77384E49DDF1FD167A1E8844CCDFEE88AA4CCCD0AE5277DA9C2F7CF75A0FC5D8CEA966B421F9212A896EF756A3DAA6B7F98C300F73CAD069EBB77EF0202E4DEBD7B75BEDA8F3FFE386CDDBA15BCBCE854C68D8187D50634D99F680A9E1F7FFC11995C15B4948F8F0F415511254E53CBB163C760C68C195479B9E2AA42A6AD152B56A0C5B1A94DB7CA7B19C522F2CA8E070AF04C8FBA2A153A5A323130B0F3954E941BE71AC55619A5769DD68207E8E41FE89683C6028CE5C1B31E416B82075522942AEFBDF75E1D89822ACBDEBD7B01F7376A4AA39BF23FFEF8035E79E515343EA8953E9A8007991AA5D8CE9D3BEBF4F7F6DB6FD3125320602F41D76E55FEDFE198D37E1DC924CFB16054094A0A2B25E4E9EFE98F60ADE479FCB3EBD21A6B73163C7B5EEF4CD90B8CC7350727520B1E4A4883A656E2A0F4C19F756B82A7A0A080DEEBA0F7802AE7A11AB77CF972DC47680B1EBA7E555515F5CE3BEFD0928B39B4E336A40978D09B61F6ECD904BD05B8052D79683C183D7AB4D6805179817CFEF9E7D4871F7E6812E0A9104961D6B7F1C857B5E099BCE6865462491FFDD26ADBBEB7BA50561674061D63298CE4C1603EF42AC0F06B1998A1CF2B2D795C5A4B6D3B77EE1C8C1F3FBE8E69DAC7C707F6EDDB07FDFBF7AF8FC68D99B2E9F7E2E2E2283CC157277D34014F4D4D0DA03123292989209052525268D7207B7B7BF8E1871FC0DD9DBDDBACA9BC4076EDDA45CD9B37AF0E3F454444D007BCE8CE632CA5462283A95FDF558067C217B7640423FFE5E039B8A0AB9999516187913C80914AB5E0A17F987E8A309247539BA84E3F1AA8B2E181A82A73A034FAE69B6F00BFF0AA5F6A6D18492ED9A89898983AAF69029EE6F4ADE938F1033264C81093008F4C4660D2C63B0AF08C5F7F0BF7062C780EBFD34D93CDB5A6B4D3473D46F2E0AE143DA9713E98F4B055C123140A61C18205782058073C68965EB26449B380832FA3256FD9B265D4E79F7FAE0BF034B6561A4943D5464C093C38B7091B6ED7010FFE9D26CEE177BA19956B8E62CF03081E71ED590F91016506405A4FF2646565C1534F3D05E829AD7AB6538F99B649CCB97BF76E6ACE9C39FA004F9D793486367C7EFAF469183E7CB849489E3AE091AB6D2C610E2EE84A9999A9F8BD6B42A5D6ABC3953CE892C3180B704436728381DED5B684840498356B167A0570998E36011F387000FAF4E9D36CC9830DFCF7DF7F306EDC3834072B59DD9AA0B669B3820D02BDB4B414F09C07D5C9E8E8680AF753AAC518F73C75D4B6C96B6EC82496F426C7D80D06654040CC39EBC139E19E070D067A078F5C5D6178863D95EED1A3074167CEF0F0709D80476E31A36EDEBCA92FF0B0C0418303C6FA242626027E2CCE9E3D8B713E14138FD4101A8D113C750C06A663AA0675E0416B9BAB16E0C1F5D689D160F7EEDD64CE9C394C5B2CC369C0345AA96F858585A81E52478F1E6D11F0482412C8C9C9418090F8F878C043DF070F1E007A60CB3DC39B442F0DE8A08D24D44BDD3AA66A133A24ADDDF328AB6DEAC0433B4E3640ED2631836A7BF208CFA68047ABBD454B8007FDD370AF86AE391808278F18E582BAD9343246F014564AE0E9EFEF290C0626E29E83A9A76A4DD5B4B50DBD0C681E44F71C55C9D3187874227D8C113C1808B763C70EF8FAEBAFE970F0962CC6089E8C6211BCB2E381023CF3165EAC29F4B5C13B6D6886334EC7503A6F9BFC9C87365133E73CF581A73180A87E595555A946BFBCCD048FC6D24745F2B0EF696B30C0E8D60F3EF800D01FAD9ED2984735FB1C5D8FD0E973DAB469A8EE512FBFFCB249180CEA3886BEF0E685F2EC103B0C49A0C1230F496894395AF2ABA465DB8CB5AD824E3785C061CF7AE89004AEE4D1A5EAD1208D8C093C684E463F3935D2A6D1FD1793F8E3B1C71EC3C350DA570F03DD98D00A7998B84998AAEB8424BCFAE2B984D42E0E68FAA11DDEE4C17046081EDAB70D3D0C701EE8188A77F42078B8D6365D82A741E9559FC160CC9831742C8B87874763DF884619171B68AEE469C043BB4EFF0826DCCE9700001CCD4944415490A1438762961CD2BE7D7B0C8AA35C5C5C1A4CEC614AE0E1DC1247ABFED4FFE6FEBBF57E5F975718F0BC38D4879ADED7DD08C1C37855CB6F48A8051113CFC398AA750D9E7A0174EEDC39C2714B61FBC5E0B27A4CD55C3069041C7C01A340E7CE9D4BC5C6C62A19273451DB708F83CEA5E8C7A652D8FE31D607A51206ECD9D9D931D534A6A32981A74E18F6A2A927A7DE1EE686F1B7B4E499DADB9D7A65B84F637B82C6BE9AFA7CAE1ACFC3785633E0C1EC392D091E66AE4A1F9C8484040CA9A6540E49697F36DC57E057BC3E86D5867818AD397BF66C3CE751626C4DC0839634B963699D2E314B0FFADFA163AB5C056B0CD06A3FB8A6049E3A094096469E08BF3ACE1D2F5DA4C133B8BD23F5D1243A3CD658A40FB3E741A3813CE5141D968085B993947B48AA89B54D1BFE550B9EFCFC7C3277EE5CCCCD56C75C8DB138B367CFD6097830BF818AFB0BCDE48D8107F3C6611E010CC1562DF2E42204A50E27C96243E0A997573064E2D5575F35893DCFA707538952EAA90D23FE763E3625B4584E406284490FD581476EAAA6C183194335F530680A68B8EFB04C525D5D4D3008EEDB6FBFAD031E740A5DB972A56A028CC6BEEC6AC7B675EB564C41C5654E8DC083079C08EEF3E7CFD769F7B9E79E239B376FAE4F4D53AD5F2F701A725C354653F582DF128952D2C3AD7DAE58EE7BCA0ABFDAF409B511A6DB45F0E0F8319A94913C7246A4F3B62178F4E529AEC4485BB76E251CC666C18146835F7EF90530AE8753B4060F1E66BEF3CE3B140288F9F831ED352679E43E7174B4A76AF9F9E79F092629D440AD6C503B411F37CC638011B3AAC518C133674B3C29ABA6951A9CB78CBE2561DAAA1B98E81D198C56DD8C2CD13B073CB4A95A717D57ADDAA6EF2B465846BE75EB161DC38FAE2CAA8C881966F01C440306ADAF0E75F7EE5D4A9E1F416BF0A8F8DE2981187DD430D7B49AC2005C2395FED2A54B3075EA542A3B5B91EB8C69D3D8C05356258539DFC5B3F3B7164AC4CC1523A2225F6B3C28A51F1AD91523081EBCCC572C3FE761C083513D1609034AECF5287998AF12FE97A035EBCD37DFC453FB3A87AEF865C7937C47FA5A24B634267DD8C59367E5510D7166DF6F4CF234041ECC31376CD8B066A9B0B8A7FAE8A38FA8F5EBD7AB6DC7D8C0139F258485BBE9CC39F41ABB655795D28B3AFFA5B3F9699D1D31E6967EF8F6183F12D9CD159F69F4856916959BFFB23AF0304601F43040F0D43797C698B529A353DA7FFCF5D75F307DFA747574243B77EEA4637E546E3EA86F4C4AE6E15BB76ED1713CF7EEDDABB3DFA1D7B4913B491B000F66222598A0A339E5D8B163D48C1933D4AA85D8AEB1E56EE35C6E458327F85EF10D9AF0EF4D3FF955FC60B7050C78A6F47623AF0EA76FCA3616F0C8AF55A424B5AE39F2FC6D98C3604093D4B6A682AA8E8441977D64644C58A85AD01CFCF3CF3F63B0587DAA19F37725E0E4E6E6E22D08B07FFF7EB5C0D1043C184680E0C33C70AAE589279E2098920A0F409B52E4B9E5EACDD9866D6A78DED594EE5BE49DEF4E6511CEB58AD0EDBFFC2534F1A346C776B838D193F10434B60B7D993D0FAA6DE861202F348850F2D8A8B1B6D5D923E888E26A3F36F2FC656ABFC2E1E1E1E4BBEFBEA301A4895938333393CE9A8341666AC6ACB1DAC6490BA576EA988E4A8D546C904C986AEBC48913986A8B7BEEA4F61D6303CFE2BDC9447EA12F6D581B1493125A0B9ECE7BAC2EBED411F70DF40323BB4A5E011EDAA78D98A1E70467C5D04C8D3FE69A79EE6232F5D4302201904901CCD4A6865262084B4A46F9D85A42EA34F5D966302666F5EAD5F526F9737575C534BA044FF239A7F84A5207F3569F387102F73870F9F2E54635024DF2A271121ED661703CEBD9B061037DEB9C26B9DBD02880D792A0695E9D054FB583060E8B75F41DD36D3333BF8D27F2ABE4694BDBD45D17ACE945408BDBAC65D7C4152E96ECBDA45B9E690F416EB5CF0DBC307B1E46EAE01CE42A27FD2D50050BD762848052055593E74C9EF6AAF75DBC4D4DAE6AD54B4E4CA63E6FDE3C829BF5D0D050FA643F2F2F0FD06A85FB234C35A5FA3226874F4F4FAFF3A5D7043C2A39B4D58E0B7DD9D02B7AE4C891041D3E993C7318458A63BB76ED1AFCF1C71F145E4BA20E34E3C68D03B158CCE4E956EA0325F2D8B1630D9CBD00520BABE1B55F1EB27C635F5223DAB3A28F0DBB182FBD76BE28B3BD3D2AB974A577C6F9C3D82E2E4D66243D52840B1E1C2F5754A88C9F752EE04A1C666FC7ADDBA47993A7E9B4B9F5BE8BCC8A193A3101882E0AE6925EB76E1D7CFAE9A71849AAD4A426E0C11738B737E862484A6D2C5EBC98F662C031AACBF0F3E5975FD2BE75865E8EDF2D261B8E6530C3A4FC1F963EFA61CB50FAFA44BABC3FFDE45777384603BC4A1EAF943702A30167CF434F85913CAA1207FFAD6A08E0028791400DA8720D2F734392877913439A91A1509234A7602E842D5BB640870E1D28DC9B34153C2AF706356748ECBB989F016F49C0732C949E78208CD7ABA89606F2D7E9641CBA6A64536C2689B94DDFBF4AAB32DDCEE72C59BB77DC1A163C2B471D0E3D3FC93F51DE21097015C0D6673B1805782C7FC9124B287326049BEB8AD31010EA933E4D004FAD7AA8097890A0E8198046026430EEA5B89A2E361E60A24F5AEFDEBD999084268387FEA21042673045B7A1E64490E23EE6F5D75FA7737373432EE487C574DE036ED12073AAA62469D17AF37F7E40D28BD0A05B0B9E5131D9DEEF1F8BC863C11335E2A4C58D712E35226B3A930EFD85FEF9A58EE0E160D92415A64567A3DC3871FD29515C6CE92006420F9D2B411A03822A80381F8B3AFB257529A1D9BF2199CAE6786A452B4C6FFBD5575FD152481310710C0B14635890C7F3907A240F656363A3F1526078038E0781ADC97898863172F4C5175FA4F372E3FFABDED82D3F2C266A0E8BE9AB571AC8D9ADF1D85BAA627EB9189EDD96C0EE7704D55249CF0FF70BA2204AC62E361A0D9E7FFBBFCADC603BA4365DF9BD087F18DDD938F63D1C954C2B06D621D19BDC2FDE3C8D37621F3E7C986008C38D1B37588B15862EF4EEDD9B4C98300103D128158F04D5E12B9D0735756EC8EC972F5FA69380E07F31630EF70ED55EBD7AD1A9B3F0A0137F68E8B0B2C22B9E4CAF7002E0E8C979A754646DDF343080028AFE54B3E57F334FFE717FA01BE32B4FF07A45049011EC7B4C6FD5F819190405D61FCD2071F14CD00140E7FFF216AFDF33666D1D50AC1A7428E8DC8C8064461771B1B5805DF3E95BC19AFC55D52305D419039AD27D53BD0B5A9B4EEAC66D0CEBD69435D2DB3B4F6DBD478A85ECD93B19F6579AFB92B39368342911370AA2CCEE2E9D24AA70B542732FD749D4D017A13E86D774DCCD010C772135EDAFA5165F276A5B4B0DCED8DA557506B52F1689BAAC3C648BFB1DB55FCAD75E38F720A5AB437B063CB3FA7BC273831B3EBF3010A268CB38BA024C6B4B1C0321BFE90D63C7B95CD873298F351604DF2D3EB7E5C7E1439899D6F9522E1D173BF56AA42773A738097213C096678CC264ADEDEAE9023CAD2D69B49D335F5F0B0ABCF6CB03482DA44DD458C880D8F4DE518727DEA8173CE8E776736EFB2A4E701C6C7A2A0CC23C15DE085AF46FE8559B03201E3886BEBACD185F625E15BCBD2B91953AD64289F4C99B898259D1B3D860CB3A0C8026EBF9AF9C2F48EFE8E0CAA86EB3FB7BC2B3C6A1BA694AAEE6808657D334A5B211D7FBF95C2ED97D298F15320109A5A95BBF1FD20E4DD4F54A1E7CB03422EEE5AB111EDF33E2CACF45003F3C6752AA5B73C1C303C88881A1C9D05FDEF18064162BBC0AFA1DCB19BB22665C1CF75DB5AA07AA6EB7678555091D2D98BC06F0D9F476D033D0DE9454151E409A70511BAC7323AD023EFC134F6C688B3365572696743D556613756A24275EAC9EF31B54DDDE78F66C5A720F273C21A5996C6C1717DAD3DA48CE7C3459721E3C9A50A90DD6410FEAE377E9A31C9A47426E175FFBE6A7E17D554951AF24891A717CC4C5295E27980353CCADB3FBB5CE606B656E2AD287074F1B0446635316D64861F69678903299FFD0CA76282D2C2A6E5292C6E0D9037BCCF72F6C575DE42B600F4C5F1DE10B537AB9F1D2A7968AA6F211698C9FDAD473CC53F0DDA92C76CE6ED9555561EB8ED83307A38DEE79980A0BA79D3A7277886B24633808F1B081CDF3C24C89719A237D78F09820ACDEFC351192F2AB989991AEE7F337AFDB3BFA6D75536D900136F4FCDBF9F4F4E0A26A3B5A55A3196DF9D460E8D7CEC1D418475B1099DAFC4D1006DA4FE97272397CB22F853514D8544AA4430E273ABC7B61168B268D250F6D3878EE5C567277476F46FA0C0871804F1E0F3625E9C37E653424370F1C0D09656CD5A2F6A7C0A52445FAE190DBC5F736FF34AC0BF76C4763F060C515C38E77BB30D50BEFAF60A5CF5773C3A08397497A1C305F9D86D69D078FB1A14283F13EC8AD82FFFDC60452D32F90C1FBB283969E8E48AFEFF54619013DADD35F8B28CD6A4F5FBD48373AAA930B2C8C3429B3B53AFA34A4CA354A370DD68BAF624014F82226034EDC53C4EDF83D2A2BFAE19BC1EEF5491D8D55AF8FC7C63D7979BCC72EAEF44167D12037415B60225DC5091910ABF043E152009D3FD1099453C8806399A3A262C69F6AB60A82D227E5ADC8CADC76B6D68CE1604C671778978F32E5B9D00428F0E5D10C88E5448B7AA75454046D3AE6A4CE3CADD59E87A9FCD1B8D867AF457AFEC4953E9BE7B587100FA3488C68024BCC4FA1252890945F0D6FFEAA94D5870C88C99E12752CE26063FD69AC76E1A1E9A1B7022BF26AA50FBDF719D6C109164F0CD458FD6B6C30FC739E02FAA6C0EA436970FA4129DBAD674A45453B0DA48ED64CFF7144DCCB97233CB672A5CFEA1921D03D80BE25596320EA9B407C7F3C05D451E0567A252CDEABE47543FA1DCF9EB8E248C4114D28A615C3D75ADEC69565B5B767EE1427081C04100F1E4DC8CDD731240A207010404CF14B2C2BF1FF36D6ADB1BD0E535F2BF0E04BE8307A69B2D7094229CE7DD0708006041E4086C41AFC581AA2001A08D050C0028100E97F20BD77D4294598756314D41E3C106596FBC2D8DC94AE0ECC7D1AC4D3D10AB63DDF012CCC94AEF668AC6FFE394F8156A1804446E0A59F1E405E19DE015D5BDAC517677EB36D189DCC50D341690D1E6C18F3BB5D8BF44DAEB257F8BC4DEFEB0E2F0EA56F776E529B9A0E98AFC753A0B914F8F14C36FC79A5806DC6A64222EB7328DDF7A38B8FE76AD37693181D7DDEDE9DF9EFF98481AE8FC93BA3D1FAE59C50E8E863CB03489B15E0EBEA950209D94278F78F47DC3E49A70BF9C7D7478F8AD446EA348BC937851D165C7ADCADA2D0CF86B90F8774F5B783B53379E3815EB981EF4C2B0A2C8A4E823B190A23817BA6B026F4489A4354FC2C850EA7618B4D923C4CDB4BC7C6BE712DD2F36BAEF1E0F9A1DE30B3AF47B380A9E1D8F96A3C05B4A240F4957CF8E94C0EFB0E4580F48DC99CBEE2F878264FA156ED350B3C68BACE7B6E4C263764017BDF38370CDA9BAED7B55604E62B1B06051EE656C10265AF6908B9559CB97987764602EE6C9A051E7A9FD325C6F5D264B7FC524F0166DAC142BAF8D9C1BA59BCFA66186CC38F0229F0FE9E24B89BA950D79CF2ABA543F7A738BF113FABA2A9146A3678D078F0D1F813DF5E1FEB319FEB7930AB9F073C37848EA16B761F4D9D1CFF1E4F01A4C08EB339B0E7723E9718A4F7F19CC59F1E19475F15D2D4A213C646F5ADE099B1198F7A3AD0B66AC6F3FAE32941F058A8230FA0A6AE0EFF5EB329F0DFA33258F14FAA523BA1B74AB2BEDE31D45F5BEB9AEA6074021E6C746B9F03B66746789515FA5933778212173B0BD8F86418B81BFED58CCD5E24BE01C3A34041B91816FC9E08C5958A5C856E594271EF73694EF5E525D066163A030F761A35F2C4941B635DF689AC1587A77D821D60E5132699F3401B3AF3755B8102CBFE4E81AB298A9C04826A29E913973B61595C648C2E86A353F0E0FE67E1F4D387E207BB60BA2A36E7C1B43E1EF0D2307EFFA38B05E3DBD08C02DB4EE7C05F5795F7395DCF17FCBB76EFC851CD55D79811E8143CD828C6FDC4BDE89793D645E1FB867F7F6B8C1F8CEF86172FF00604CD969FAFD5540A1CB95D045FC7662ABD1E145F5A3C6A5BB6C72C505C11D2D4F65B0C3CD8F0BAEE47ED6E8F7129C9F7B766B38DE2DF574D0B86DE410E3C809ABB6AFCFBF552E05A6A392CFD8BCEBDC6168F0CA1B85B6CA9CBFBB72214B66A1DD050E7928719D38A2147FBDC1CE57149E8ACB869C1D1C61CD6CE0C854037010F201D2C1EDF843205D20A45B028FA119455B1F74F815D8958D6EB645EAF8FCE8CBFA56B7AB5187870FFF36144DCFBB747BBAF965A98B1FB9F60776B583333041C6A8D0A7CE129A0130A94574BE183E8244829A866DB3397C8488F93798B571D19BB4E57FB1CEE605B94816903C2B47F7F8B1FE23A9B6B40E81E600F9F4F6F07546D401D5F780A348B0284002CF933196EA52B390B902EE70B8EAEDB3B72424B00472FAA131EA0E6CF1B7335A9B7630F2E80F0F0140F51790342B3F8867F19B3DAFE930A7818CA2D61D74B52DD769E08D134A4BA2984D4CB973F6AC4498B9C1041726A577B3F2E804674748645E30378003565E5F877680AAC3D920EA7124A94A8117CB7B474E48FD96EBAB4ACA923B75EC0831D6FED73C5F2523F717E56073B27F940E800BA519D9C6161240F201E0BDA53E08B987438714F19387E0FCBABBA1F2F75793B71027B07BCF62D6BF686DEC083C3F972E01E9BDB7D030B73DAD9DA700134BA930BBC67FAB9AF355B11BE964614581F9301719CDCD2F8924F72654DA77FCB5C756D92AE6F407A050F0E62CDE0FD0EF17DBDF3F3826C687B35E3443A2CDC19164FE02590469CD3C62BAD3E9C0EA7EF2B4B1CAF34A1B8C7A96CCF776E3CA1FCA00569A577F0A005EEAB9EFB9C6E0CF7CD5105D0801047F86852205898F359785A70CD8DB6698994C0AA8369702949D93880C0E97EB1C4FBDD0B9145FA9C9CDEC1532B6A08B5A64FACE3BDC18E3979C1366CFA5E7C8681744B260682AB1D9D1AA155C6A7CF05E0FBD28C02459512F8FC509A52401BBEE9992AACE971A9C447DFC06975E68CEA7CD23E6DA44D4E76A82D9B811407E5EF22800F260440A827BD35E201A4197F996CAD477955B0E6703A64142BDB007C1F555477B891EFF9C1B9C715AED37AA442AB336654F049EB8C08416666B83DED35CAEC836CACCCE1FD487F3E984E8FCC60885DE1F9CDBA980CA8AA51B8DCD01FD807E5E57E31359E512923152E057A9E40AB8307E78B66EC1BDD6AEEA774B7C7C01F664CB429FB95113E30B5179D9CD420C6AAE7F569D3DDEDBB5E00DF9FCAAE4383E03BA5395E499280A8532315516EAD40298361480C6538F3A4F799C47ECE984851094013BABBC19BA37D19F218CC985B61BDDA4C979BE3B2E0F0AD42D5F992F6578AEFB8FE76B2674B7A0E684A6483624474E5299F3AE28787FD9D9F175BD3CEA4586809D4D9D716168CF5870057DE235BD3C535C67AE94522D8783C03E2B3844AC3B714C948F8A5A2DFD6FE3DF2E996F255D3965E06059E5AA4106AE9D813F31FF677FAA6DCCD8A4967453F125850F0D6187FDA2B8157E3B45D6AC3AF8FDE025FC7668048A29C6BDDB150240BBF5CFACAF263A3B71B0A700C960111409F0F88EB74BFBFC3CDBC766C3A5F560A4DECE106AF8DF401F9A50C06F701307C3635AC11CA08812D27B3E1D0CD3A6A1A78A508C5E1D70A3A2E393B49E9162A439881C1321E02E88BEEC76C937BDAA527F7744451A3A4C605B959D3C6845E81F40DF7063B0F435864431EC3F5B40ADA28905A58D7681672B3A4B0EFBF52FFE75BD1A2D610ED0C9EE9D0907065B2E76F8FFA38CD143AB20174AC5C9FD1D7035E184A2717E14164C8285133B6ED677260EF15A5241D742DBB320909BB5EF297F5FED3B30CC130501F590D1E3CCC3E68F9A0635D52FA385DCB6D676BC9990C0DA2405701BC30D407FA87D0F91178101938882E2595C3F633D9905654D7F1D93BA5521276A5A8DF87E727DC34A4FD8D3A921A05785800758EB62CEAEE7D23B997534789A592FF1B0DA2B15D5CE099415EE066CFE2CB68E667E0FCAE93E1155688E197F3B970FC6E719DF62CC4321272A324A9F383FB9DE65F9D2FD649872DDC88D13117EE85968F8E7B3CB187C3DE427F1B263B29432622B03083A7067A02AA739C6274F36CE175D77BF3A89EEDBA90072289AC4EDFEE194269E8CDD2199FC48DDB6FE8D2C6E8990A01B4C13FDA3A6588F7DD941E8EC162017B26542BA450957313C09303BC607838137BC7AB737A470C00FC7BBF147EBF980B98D946B55889A4A4DDADF234E79B391D9A72B9546BCCC7E8C1C38A1920D4CAE1717D93BB3A9CC909B5B152B1BAD120EAE66F474BA17EEDD8FD10BF27D203D75D4E2EA78D01B739B7B071BBF57E54296E77A764F8B27F23FF3326696332E06126425BE4A6B86F49EDE2F8629987F2C12A530773664FEDE506F85F15758EB1DCF1AA9D0E4085B9A1F75D2F54CA11CD6DD6295F240BBA5BB6B7CF3F85735B3AC7800EA6D3601326C330A8CAAD0DFFC73EB3B76B7C5A177B3F91AD525E38D6B4DD23C01E26F7748541614AEA1C2F8D9AC969E7134BE1C08D22B8A99CFE896D55209492A0F8B2EC0E3772C39B73A1543387A9D3D74D063C5C556EED80237EC99D9DEE6474B277945AD4B5CA61DD100F6B404F85C8AE2E4029AA981C3D74CA2D2A8D114220E64E313974B3904ACA571F19602E9141C0BDF28A76F7CB7BBE7F7E7C92B1AA68EAE868B2CC829268E59063FDD33B3A9CC8EC646F23BF74984B035A1A39589BC3B82E2E30A68B0BA0D7828A4AD792BC67B46DA33740ECDD6272EC6E3185993AD5321601F04F28AB0E4E108E597266EC7953020D335F93050F5712AD1C16DB35A3BDDDD9AC8E760E52F5F9116820F50CB487911D9D01F3C9592AB43E93A7912628164B099D1FED644209DC48ABFF1A4F73A90CFCEE5754F9DE2F9FFCF199C813A6089A36031E2E88560D3A11921D26F82FAB839D9BCA9E48510D00AC2C2818D2DE89FEC9AF856C73F46226FCDFA33272F661299C7D584AD5A8783B7341877B1ABFC48A32DF0765238CC13B40930F466375DADC5795312C64777739991D66DB4BC53A5747ADB31398C3801007E81FE2087D83EDC1D68A3D973549DA096BA4E44A4A059DA1E6625239548A94D4B23A7376CAAF91F92456267826940F597C7B6289294B1A553099240334F6C5609E631AE01A6BF24E6E3BDB153921360259C329AF68D5AE47801DF40A74801E81F610EECDE46E346AAF6E723FA70A6EA655C0F5B472B899AEF60A1B253E319312E29D241479A708975856996D6EED70684DD75BD7F5DA3478B82ADDEA21879C737D1C0FE407DB3C56E423C020BCFA68C39ABD512A75F5B585701F5BE8E8630B1DBC6DC1D64AC9DB41D7EBD5ECF68435327890232409D942B89F2D843B594255E9827DA89DBB6BB648EA9922BCEE9B593D71E1F971F96D49CAB4296B5B53B90C43C1AD060EEC90DDCEEE607EA07570A9277DE8AAC947860615A6CDC29459780F51A09B80C27FE34FDF691CF1DA8D8C6211C1744DE81A83F7D6600A27D5F44D8D59179DF244528FB4EA879E195553A4A7CF3F32E41081A6AE7953DFD384299ADAB6D1BF8740B21838D4273FD06A67919F6048A19FB5851A93B7BA792AC711631E65672BF072B4A2DCED2DC1DDDE025CED2DC1C9C682FED95B9BA3C4026B4B33C050734B73333037575C5E848D49A504C452191DA25C2D96014A908A6A29945649E85F518598145448A0A0420CB96535905D52D318FDD5AE3D4580B867564BDC32AB2E7B65D43C597DEE5C060F18F5A4E4C1D3188BC99FD3CEA803A3ADF39D3DDE28F2117C54E223702C73B344FA3595867500A6E1509A52ADA13112C7423171C91195BA660B975B09CDB77E726A84A8ADAB649A10B9A90BAF49DB265D07A5925DF7813645BE5673CA3C2DA24A3C04DEE5EE0273B1A0490A9A2E80A4D15A5A8A08712810499DF345D94EF9E228974CF1EE85B7C60979B068CFAE1A115CFB66DBDE1B2899A221DAECE10057F74A57B357CA5C2D5FAF74B174AF70B634133A59508D58F2744D3062262560572A26F62552B15DB128DDA158BAD9A1ACF217D1D92BA59FC027A87DEA02B0BA1EB751B5C783A705970B0185CD2F87E51474EE6C019E1EAE221BD9E41A1B8BE7AA6DCDBAD4D899DBD608CCCC6B6CCC2989A51948AC28905A5020B3A4404699013089B76400664406666202E6120216350430F2D2AA4A4AAC4432A995505A21A894DDB3114A7FB3118A0F480A4A73213E5EC283A40517F7FF9BFE3FBBDE2BC261CAE66E0000000049454E44AE426082, 15647, 'image/png', 1000000, '2024-07-30 11:29:48');
INSERT INTO `lda_file_upload` VALUES (1818184498092711938, 'favicon.png', 0x89504E470D0A1A0A0000000D49484452000000CF000000CE080600000099DD56FA000000017352474200AECE1CE90000200049444154785EED5D077C14D5F39F4DBBF4DE3B4920F45EA47712AA4817B117ECFC544450D050548A88208A28228AA8105490162001A44AEF214048EFBD5E72B9F2FEFFD9DCEEED5D2EC95D72B9DC5DF67D3EF751B26F5F9937DF9D79F366E651C09716A70001422D87E594EBF8FE964502CAA74A603159646336BDDAC6A2BD48606E5F636D6129B13437135B9951120B8A22166620A3CC8098D50E8D9211A00821661219B1901099658D4C665123155B554BAA0535925C4195E49C4028D96B5B53751D4A9C2B3E3935424A01455A7C626DBC03AA8DCF5FA7D3479044CF8C368BAFB4F3287617BC55E92878B6DC45E05EE128B0909953486B7DD19B984989D4BEAC5AE4505A93695F52FD8773BE781B54D9E4F0C0D2DD92EB6B317537620369899626234E994BED2BBA94BADB6D2AF6B0E953EA66638DD2434B90A893108D490DD575D3781D516A39170ACB9C0BAAFE74CDAD5E06872FE7454194CC40C86A54C3D098E84635AB161AEC9E997BCCE3457683F3BCECB61579D90697BA5A5B34D2556320D0C548B96BA8DA9FBAF565FEC6D4254E45D5556EB9C2C3CE7925EF59EEBF91C98349B365E1C1D3009D50BAAC1DFC8F7D7EB0EDEA7C6FFB67F37DED6C0845AB5EAA0CA8AE152546F671B6A2BC1CAD88BBBD25B8DB5B50AEF696E0646341FFECADCDC1D6CA0CAC2DCD2881050596E666606E5EDB11166C482A252096CA402421502D9611618D0C2AAAA5505A25A17F45156228A8904041851872CB6A20BBA446130E505D7F421190796455E4B96757BEE99065F14FD4A991124D1A6A8B7578F0A8AC3AAD8E8D3FE250E26EF54BAEBFC3F8120F1B4B1535AC4169E2EF2280504F1B0876B786403701E0BFFD5D0414BDE3D16321044846B108F09756288294826A78945745FFBB81A22AC5884B7E55A95766F9D276F9353FBE7D6442832FEB717A06D1959E97D420E6AC76105F0EDC63931DE4F2634EA0C3F4026F5B2E60EA058B9DC01CBAFADA42B88F2D74F4B1850EDEB6144A10432EC21A1979902384846C21DCCF16C29D2C21548AA4EA865C0748EE39C222EFD4B2A7FAC94AE26645CF52FB9221CF5DD7636BD3E089822833E9A43EDD72829C4F64053BBAC82D620C8DD582A647801DF40A74801E81F610EE6D83758D9986F41CEFE754C1CDB40AB89E560E37D32BEBE331568B349312994F4AC9F590A4CA094B8E8C2F68AB6671635EF8267F48B6F6D96AF9A07DE87759218E4F97B8D39BFE7AF730285D06843840FF1047E81B6C4FD95A9937B95F63785158232557522AE05252195C4C2A57954A75F648CE0555950149A54FD9FE71FE605B3334B429F0AC1B77D42ECDCFF2547AA8736F91AD05B3F1AF2361AC2C2818D2DE89FE3D16EA68ECD2A5399825FF3D2A83B30F4BE95F8D4489544A6A9DB5502209482C5EEF9A62B6ACAD18194C1E3C6800583FE2A05B527BC79B691D9C7CA4E6F4390C63C45262AC9E81F630B2A3338CE8E84C599A9B3C69B40295584AE05442093999500237D22A54DF65696A2E95C9021F94FCED5992F75454F42C8D4C7E5A0DC4802A9B2C872068360C8C7679D0CDEB6E5AB88B97DCC45C07340ED6E630AE8B0B8CE9E202416ED6264B0F5DF25C6A613589BD5B0CC7EE164379B592DD80A51F9ABC83EE17FEED559C3FD754416492CCB269C061C7FB5D6DEFA4863BFB4B2D5849A3049C100F6B98D8C30D22BBBA00A57743B22E59B9F5DA228440CC9D6272E8662124E55733035152E7CC253259F083E21F8695E6BF696A163A93024F54E73D56A5BD5D4F2677741D28DFD3D4B19CF508B087C93D5D6150989349CDBDF52054DBF3F9C45272E04611DC4C6755BA3A7BA276F70A5F5DBF6BCC4FA6629D3309064293B368DA638B533ABAAE2871B7E69AC3D81D6E9F600798DACB0DFA043B98C49C5B1B2CF5F57F35A51CF65D2F84AB29E50CED9540E45C505511145FD47DF5BEF129863A074DC765D48C84FB9A35630E042476744DC80C71B4566772EEE66F0733FA7A40BF763C6834650A5DD4BB9C5C0E7BAFE4C3ED8C4AB520F24B2E39DDEFFCBDB1F3AFCE17EBA2BFD668C368C11335E2A445999FF4CCA3AE6E036A044AA6317AB1D035E6C9015E303C9C57CF5A83B1983EFFBD5F0ABF5FCC25E822242FAC65CE4A241577B8933F79EDAEB1C78D5195333AF0A0B45935E650C7873D5C6FE4FBD95B711883068DC0C20C9E1AE889D2C6E8E6D69A4CDED27DA314DA75218F88246CF4030B228F8CF2F49087459DA20E4C16B6F43874D9BE5131188604FC27708B7BD8CD6D98C4B2EE79CDD82E2EF0CC202FCACD1E5DD3F862681428AC10C32FE773E1F8DDE23AAA9C8558260DBB9D3FF7CB5FC7441B8B14321AF0AC1A75C0EF5137D7C49C2007DCDB2859D1025D05F0C2501FE81FC2EF6B0C0D30EAC67329A91CB69FC9266945B42AA76450F0492DBB1478533CC418BC140C1E3CA8A67DF8C4D1650F7B787C52E968C97559A6BF5E680C7861A8B7C1CFC318985ADF63DC7E2687A03AA7BA17B22B175777B8991FFAD95F91D9FA1E9336FD1934D3A103E79DAE1DE2137BB885AA5AD282DCACE195113E54AF407B6DE6CBD735300A5C4FAB20DF9FCA86D442FA9095CB8FB2F6B7F2DEDDB863F4264355E30C163C9F0EFDD3E7516F9FE4EC207B81AA9A869E01AF8DF4A1CCF41D6166608C672AC39111025B4E66037A2AA814E293567E2BF0464D5F4354E30C0E3C74246764CCF87B7DDD0E94B95A2BA96918A2FCD6187F6A54276753E11B7E1E1C0A9CB857025FC766D0A1E6DC0FA6535195B0E77F657E8B63C7961A12C10C0A3C089C25D38E6F8AEFE7F18658E5ECA6B3AF2D2C18EB4F05B87205912191921F8B2E28905E24828DC733203E4BD96A6D29924A3A5ECBE9BA367AFC7D5DF4A38B360C063CE862533A6FE89584DE1E3D552D3013BABBC19BA37D0D66ACBA203CDF46C314D81C9705876FD551E3A49DAEE74CF972E7B8C386403F836048340CDCEA199E9ED4C5D54B9528AF8CF081A9BDDC0D8156FC18F44C817DD70B008D092A4516165FB868D3B6115FB6B621A1D5C1B329ECB0E0CE58FBBCF4F6CE74C826536CACCCE1FD487F269253CFCBC677672814C048D67531195055A3143744021F95ECF8EE9BA12FB626805A153CEBBA1FB5BB3FCC3E2F33C4C196BB5898AEE9830901740A27BEF014C094596B0EA7ABA6CD22FEC9A5C7FCBE8E9BD05AB9135A0D3C6B06EF77B8D7D7232F37C89EEB31005DFCEC60C9C44070B56B2C1927CF546D8902459512F8FC501ADCCD54CAEE43BCD3CA2E057D153BA83500D42AE0C148CFEB039DF3720295CE70E80C354B270582059F3FA02DE142E3B94AA404561D4CA333FB700AF14E2FBF15B4E1786F7D0348EFE0418993D0CF235F1538C3C29D61F184008D09C9576CBB14587D381D4EDF2F5105D0F5A00DC7FBE913407A05CFD63E076C2F0E762DCC0E5672EE84D19D5CE0BD48FFB6CB0DFCCCB5A6C0FA980C88BB57AC0420DF94B2B3DB360D1EAE2F2382DEC08356B5DB631D0A32DA3B2939A3A1B7C0C2485EE268CD3DFC0BF0454C3AA0570257850B7858F2D7D62D4367EA03407A010F467DE68799E726757676E5CE7444476758349E070E8F83A65360ED9174CC27A704A09084A22F367F3FFC839606508B83073D078A9E1E9EF8B0975B3BEE0C3113E7C753829A4E35FE4D9E02720AACF82715F03C882B81C26FE63DFDD5CF6376B524915A143CE8ABB668565CEC9DC73C47725D6EBA07D8C3E7D3DB01EF14DD924BDB76DA260460C99FC9704B91F60A272FEB7939BBCBE7BF4724B414255A0C3C089CA5138F2CBB39DC378A9B7810EFAD593333043053275F780AE88A0298B9F483E824FA1E22A6584864E23EE7933DA3F63DA1A4D7E9AACF1603CFA7A3FEE97D7D88EFE54A67C585358E36E6B07666289DD9862F3C05744D01CCD0B328FA119455295C79EC4A6B2ABBC627B9B644CADF16010FBADDDC19E3589CE76FA7948963D5B460E81DE4A06B9AF1EDF1146029702DB51C96FEA5944F91786656A4B65B7F2C54D767403A07CF1ED8637EF265EFFC944ECE2EDC357D6B8C1F8CEFA6646CE3979CA7408B50E0C8ED22F83A3653C980107AAF68E7D73F0C7F4E9716389D82873610CC883D716790D708EEC8A7F5F180978679B708A1F846790AA8A3C0B6D339F0D75536B90856215D2F66F55DB73BF29AAE28A653F0AC1C7364DAD5515E7B45D6F4C55174C11CD12B9F08D6D578F976780A684C81657FA760CE6CB6BEA05A221E7620D1E9DD0BB3AA346EA4818A3A03CF379DF7D8FF3721B0A4C0D79635A3B9D859C0C627C3C0DD814F42A88BC5E2DBD08E0205E56258F07B2214574AD817DDB32B3242D71D0BD2C5FE4727E0C183D0C26747E626F670510AF9C44350F9B584DACD9AAFCD53404714C0C3533C44E514D2FE4ED1279BB68F58D9DC2E74029EA5E363965D1DEBBB9C7B103AAB9F073C3784DFE7347781F8F79B4F811D677360CF65A5FD8FACE7F10CEFCF8F4C50FAA3B63D351B3C189B7361947B718987224D1406B4AD9B15A2ED58F8FA3C055A8C02EFEF49520AA4732E1056847F16E3D41CF5AD59E041EBDADBCF9FCE4BECA6ACAE6D9C1B06EDBDF810EA16E304BE61AD29F030B70A16FC96A8ACBEDD2AD8BE69C7A897B46E4CFE42B3C0131571F8994BE3FC77702ECB85E7877AC3CCBE1E4D1D0FFF1E4F8116A340F4957CF8E94C0EDB3E5E3A3CEC48AE6B53932936193C189F73F971978A023F45B281AEFE76B07626AFAEB5D8EAF30D379B028BA293E04E86220F82475645D6CF5F0CF46FCAE16993C083EADAC2D9274EC50FF018C69DCD977342A1A38F52229C664F966F80A7802E2990902D8477FF78A4A4BE75BE923B7EFD6F638F6ADB4F93C0B36ED05F9E172283B3ABEC2DD85CD2D3FBBAC38B437DB4ED9FAFCF5340EF14F8F14C36FC79A580EDD7A6422C8ED87FC54EDBFB51B5060F4A9D375F3C939FD4C5D98DE9DDD3D10AB63DDF012CD8CBDAF44E0FBE439E021A53402223F0D24F0F20AFAC867D2734BEE8E0E66D23266BDC884A4E688DDE5B39FA50E485090187B946827723FCC998CE2E5A0351A30EF94A3C055A8002B1F1C5F0E5D10C25E3C1F0BF929D3F38F7B8C29FA7917EB56278F4983EF6BA6F656698231B90D33DC00E56CF08C13B21B46AAB05E8C137C953402B0A2CDE9B04B7D215C683804725495BBF191AA6A9F1402B86FF382266C1E508DF0D5CA02070BA07D869D58E5633E42BF31468210A207010409C42069F480D587A70B2523C437DDD6BCCF4980127B5BBA02A27D89ECD833BAC8313593C3150E3365A88067CB33C059A4C81D587D2E0F403C59D593EA9E5053F6E1CE4A989F4D198F19745C42CBA12E1BB863BCACDF3DA93100F6B8DDB68F20CF917790AB4100592F2ABE1CD5F1F2A499F41275342971D9892DC58971A313EEE758EBCED8F52878D2D18D3D985BC1BE1AFD1FB8D0D827FCE53A03529808603342030C527B5ACE0C78D831B953E1A317FD4E823732E4EF4FB8DBBD7D9F24C0712E426D0E8FDD6240CDF374F81C628905A2882D77E79A0247D06C4A6FB461D9EA8F0E551D348A3CC8FB13A99AF8F15668439B016B6519D5CC8C2485EEA34B628FC73E3A1C0173119708293FBDAFF5169C6F7DF0C096C68EFD32878568D38D4F7DC94804B5CA9F3D5DC30D2C1CBA6D1778D8774FC48DB3A051EE456C1FF54BCAE47FC99ECD4D0B94F83005017723020C4817CF2389D9380074F5BE738139B7FD4FE14B894A438230DBB53F8EFD7DB472A25B3E14EB94100ACEEB3C7E9E2D4B0E26A3B45428FE5538349BF760E3C704C8C71F8E9005C4E2E874FF62972BED90825D2EEB1A5D651A7462A92207008D52008DE9F1E77F4CE608F714CFD100F1BB2795E182F75784E33590ABCF96B2224E5B3C97548F70BD96FAC898ED8A26EC2F582070F4513FBD95617FAD830D970C8AB237C614A2F375EEA982CEBF013FBE77A217C772A8B25845BB6B07AE7BA01B6EA0C07F50261F9E89891FF4DF48D63F636E6664076BFD6196CADF80B437916335D0A086BA4307B4B3C4865EC1CC9887F32023F383541E1452A7FA4163C682878E3F93379C9DD9CD9545263BBB89077C6D1571FF292C77479879F19006C389601C7EF2A0E4D43EF14DEDEBC7D647755E2A805C29703F7D89C8B08AB103AB2C16EE4B3E9EDA067A03D0F1C9EBD4C9E0237D22AE0C33F15DE3976E56269D74F0E58A966DA510B868F228E2DBA16E1CDF8B1113F1701FCF05C075EEA983CDBF0136428F0F28E0724B358C4E083F43D9ED167E59109D71B3455A3CAF6EAFCB31569E14E4C320232BBBF273C3BD88B070FCF5B6D86023F9FCB25BB2FE5B1C225E84171DA77DF0D57BA07B48EE44195EDCCC4B0CA6A5BF66C876C7A2A0CC23C798F8236C339FC442131AF8ABCBD2B91C587759544D6E3A37F2CB9AA5B1DF02C8B3CF6DC9571DE3FC9E987CE9FB0E5195E65E3F9A9ED51009D45D16994C1C2C0A329DD3E3E3AE52EF30725F0D056B617CFE4272B927B9059FD3DE1395E656B7B9CC3CF18769CCB853D97F2584A84C417DEFE669BC2EAA6041E8CDB895E165253E142DF238A7909E08BD9A1D0D9D796B7B2F1CCD4E628109F25240B77D339DE68FE7728168977AFEC2B600E4C9540B172D8D176E7A7FA606DFC3B71B1B5805DF33B198BA18006BB4A694BA0579D7F5B9A7B4B019B3CB5F51E140B69D7361A1303766738475D9C50560714EFCE3C71F4DE4077C6978D8CEEEC02EF4518FEC1A8F7F67B35B996AE780532CE12A5264E94B22CCF37BB3DDAD22A3C3CDC641969D7AE5D306FDEBC3A1F8EF9F3E7C3860D1B281B1B3EE17E7390B5FE680689E3449976BD94B374DD1FE33E53020FEE775E78FB02865A63D01BBD18081C0490A17B1538EC48AEAE30B3150105E8D187A1E20480920110AB84FE254E6D143CD4860D1B80074F73A00310175F4CD62BF2BB513EA965C5DB370EA16FA666BFC8E8087A639C4B8DC89A4EFB4983E7E7973A828783A5C17FB5A99DB9550054350041C9630940E1F8A500C4A20D8087CC9B378FB508316BCA4B9EE68186793BBF5C4C9EDD96C01AD804D55269CF0FF7D3DE062C30560E3BD0FEFCD4A0FB8C6E17E02A80ADCF1A87899ADA995B0D40C9FDC8893910204081140898270C28713471C9C3808751DDE8359D3F7F3E2F7974831F32FFE707905EC49AAC61C03F8F5CA34E3D51C28267E18C13DBEF0E727F9E913A91DD5CE1ED317E06AFB2D10364C143703E081E190D1E00B3362C7978F0E8083C9B623321E67611DB5AB7F339EFAFDD3B6E3D0B9E975F3B5792D1DEC189010F7A508FED62F8FB1D0578A09A361650600632900245C98010B3362479945885973CBA410EB672FC6E31414F6B79A102124BB2BFFF76982F0D1ECC907377D9E49A0A174B0C7CA3C5FF9667DA43909B712434A4250F013418A0A50D7F188D816A1BD506C0539FB58D973C3AC24F6A613579ED17363122E5505223DEBDA24F6DDE35F4673B3EB32366BCA68D05760273887EBDB351A86C72C9830A29FE1833350F1E7ECFA323E8D0CD9099DFC643A5087702B565C03F85563478568C3C3CFCC264FF53F2BF93EE01F6B07A463B63030F5EB6429FEFA8481E87F0F070F6122E5D52D410DA5273CE43DF58C1AB6D3A5D1DB2786F32DC4AAF601B1D7C30358006CF7B33E20EC40FF298C4A86C537AB901E62B30F4F31D5609DD998B5247CCE8A43C7878F0E8143A0004F31A607E0386C7BA5DC85E4483E7D597CF96A676727464C0835636B4B619117850EA30D77CC9250F25911B0CDA92E461CDD5BCE4D12D7C626E1711B4BA3198084E284EA2D0B360DEC2CBE2225F6BD6582077063566F0480128290F1EDEC340571052751275CBAE12516869BBB9EA7149B52D9D1507BF5CE48F573B538E36C6932587DA99CB953C482F341848E487A45CC9A37490A82BC2B6663BBB76ED523D24A53F7ABCE4D1EDAA945549C99CEFE2598182C17194AAA5CDD1DA9CFCF15A6766E3ADDB11B4506B9462CF537BBD23C1731EF69094F13060DD8E387BA3161A91E6CDCA6432484F4F8798981872EAD429B87FFF3E5CBF5E1B2A1F1414043D7AF480C8C84898346912E5EFEF0F14A5EC2DA50FF0141717C3CD9B37E1EAD5AB70E5CA15C8CDCDA5FF5D54A43838747070809E3D7B829B9B1B0C1C3810060F1E0C5DBB760527273C3A348942E66C8987B26A29B300845AD7FF9F7627E604E3DD72F457B9BD970DD93837CC18C1A3B8DAB8D6C300FDDCCC13FAB3EE39AAE06955B5542412416C6C2CAC59B3869C39734623EE7AE6996760F9F2E55470309D2B9C2E1C6B1BD7B3BAD992A7ACAC0C0E1E3C08DBB76F87B8384CDFA77D41403DF1C413F0EAABAFC2800103C0CCCCA88D9E64C16F89F010DD28E5473AD4C7E38E4EBE1CE9F30F039EC1ED1DC94793828C193CC844B56A1B50E609FD8B19AF6A75E0691500DDB87103962D5B469039B52C5450501059B76E1D357DFA749A19750D9ECACA4AF8FEFBEF61E3C68D909A9AAAE5F0EAAF8EC05FB56A15040404E8AC4D3D37443E3D980AE71EB2A13C845A3C352EEAE6308F4F18F04CEDED4E5E19EE63C4E021B51ED5145ADB280B43020F2104FEFEFB6F78F7DD7749731813BFE89F7DF619855FF4DDBB77331E06CD963C0F1F3EC4B1D112A7250A4A9F6DDBB6D1EA9C3196EFFFCD26FBAE15B043A7163C75EAC8833EAE910C785E1CEA03D3FBD289420D3E148199857CCF836A1BFA5313DAAF0D089EFB604882B3DCABBA3EC9A397B922707EFFFD775A85292F2F5717F5CAE5A746A3421140DF7DF71D857BA6A79F7E9AA9DF6453F5BD7BF7E0F9E79F878B172F36C6D70D8DBD519E993871220D206F6FEFC6FA31B8E77F5E29203F9EC95680E7D517CFA6A676710C642C6DEF45F853C61000C7A5AC127818BF363A9E47093C0D2D46A38BDEDC95FCF7DF7FE1D9679F4555A85EE69B34691299356B16E9DBB72F787A7A0202E3D1A34770FAF469EAD75F7F85DBB76F2B8D130D0AA3478FA6B66FDFCE6D536B0F83FCFC7C0C61A0A5623D8574EBD60DA64D9B46FAF5EB07212121F4F8E4854283477272321C3F7E1C0E1F3E8C736C909E9F7DF6192C5AB408CCCD993B049A4B5DFDBC2F0F8C633F50D40B6F9E2FCF0EB1B767C0B3E28960AA6FB0835EBEC6BA9AB21C3C228ED441E0E0CF9223791AEBAEC50094999989D2014E9E3C8963A8031E644864A851A34691FA36D52291888A8E8E86A54B976AB417D1D4548D1271D3A64DF0BFFFFD4F1D7D085AFBD6AE5D8B63030B0B8BFA80CFD2AEAAAA0AFEFCF34F7A7F73FFFE7DB5341D346810FCF6DB6FB435D198CA959472F2F1DF290AF03CBDF0A2A8C0D7C64ABEC9860D4F8652E1DE46952D87503B736A8050D5B4915A59F230E0D1C4CCD322E0914AA534F37DF8E1876A813373E64CCC35007E7E74EC94DA3ACC171EFF8BE6E237DE788351AFEA554535050F4A8C279F7C52ADBA3660C000F2D34F3F41A74E74129886C657877677EEDC81975E7A89AA4F0DDCBF7F3F4C9932C598B003F77384E49DDF1FD167A1E8844CCDFEE88AA4CCCD0AE5277DA9C2F7CF75A0FC5D8CEA966B421F9212A896EF756A3DAA6B7F98C300F73CAD069EBB77EF0202E4DEBD7B75BEDA8F3FFE386CDDBA15BCBCE854C68D8187D50634D99F680A9E1F7FFC11995C15B4948F8F0F415511254E53CBB163C760C68C195479B9E2AA42A6AD152B56A0C5B1A94DB7CA7B19C522F2CA8E070AF04C8FBA2A153A5A323130B0F3954E941BE71AC55619A5769DD68207E8E41FE89683C6028CE5C1B31E416B82075522942AEFBDF75E1D89822ACBDEBD7B01F7376A4AA39BF23FFEF8035E79E515343EA8953E9A8007991AA5D8CE9D3BEBF4F7F6DB6FD3125320602F41D76E55FEDFE198D37E1DC924CFB16054094A0A2B25E4E9EFE98F60ADE479FCB3EBD21A6B73163C7B5EEF4CD90B8CC7350727520B1E4A4883A656E2A0F4C19F756B82A7A0A080DEEBA0F7802AE7A11AB77CF972DC47680B1EBA7E555515F5CE3BEFD0928B39B4E336A40978D09B61F6ECD904BD05B8052D79683C183D7AB4D6805179817CFEF9E7D4871F7E6812E0A9104961D6B7F1C857B5E099BCE6865462491FFDD26ADBBEB7BA50561674061D63298CE4C1603EF42AC0F06B1998A1CF2B2D795C5A4B6D3B77EE1C8C1F3FBE8E69DAC7C707F6EDDB07FDFBF7AF8FC68D99B2E9F7E2E2E2283CC157277D34014F4D4D0DA03123292989209052525268D7207B7B7BF8E1871FC0DD9DBDDBACA9BC4076EDDA45CD9B37AF0E3F454444D007BCE8CE632CA5462283A95FDF558067C217B7640423FFE5E039B8A0AB9999516187913C80914AB5E0A17F987E8A309247539BA84E3F1AA8B2E181A82A73A034FAE69B6F00BFF0AA5F6A6D18492ED9A89898983AAF69029EE6F4ADE938F1033264C81093008F4C4660D2C63B0AF08C5F7F0BF7062C780EBFD34D93CDB5A6B4D3473D46F2E0AE143DA9713E98F4B055C123140A61C18205782058073C68965EB26449B380832FA3256FD9B265D4E79F7FAE0BF034B6561A4943D5464C093C38B7091B6ED7010FFE9D26CEE177BA19956B8E62CF03081E71ED590F91016506405A4FF2646565C1534F3D05E829AD7AB6538F99B649CCB97BF76E6ACE9C39FA004F9D793486367C7EFAF469183E7CB849489E3AE091AB6D2C610E2EE84A9999A9F8BD6B42A5D6ABC3953CE892C3180B704436728381DED5B684840498356B167A0570998E36011F387000FAF4E9D36CC9830DFCF7DF7F306EDC3834072B59DD9AA0B669B3820D02BDB4B414F09C07D5C9E8E8680AF753AAC518F73C75D4B6C96B6EC82496F426C7D80D06654040CC39EBC139E19E070D067A078F5C5D6178863D95EED1A3074167CEF0F0709D80476E31A36EDEBCA92FF0B0C0418303C6FA242626027E2CCE9E3D8B713E14138FD4101A8D113C750C06A663AA0675E0416B9BAB16E0C1F5D689D160F7EEDD64CE9C394C5B2CC369C0345AA96F858585A81E52478F1E6D11F0482412C8C9C9418090F8F878C043DF070F1E007A60CB3DC39B442F0DE8A08D24D44BDD3AA66A133A24ADDDF328AB6DEAC0433B4E3640ED2631836A7BF208CFA68047ABBD454B8007FDD370AF86AE391808278F18E582BAD9343246F014564AE0E9EFEF290C0626E29E83A9A76A4DD5B4B50DBD0C681E44F71C55C9D3187874227D8C113C1808B763C70EF8FAEBAFE970F0962CC6089E8C6211BCB2E381023CF3165EAC29F4B5C13B6D6886334EC7503A6F9BFC9C87365133E73CF581A73180A87E595555A946BFBCCD048FC6D24745F2B0EF696B30C0E8D60F3EF800D01FAD9ED2984735FB1C5D8FD0E973DAB469A8EE512FBFFCB249180CEA3886BEF0E685F2EC103B0C49A0C1230F496894395AF2ABA465DB8CB5AD824E3785C061CF7AE89004AEE4D1A5EAD1208D8C093C684E463F3935D2A6D1FD1793F8E3B1C71EC3C350DA570F03DD98D00A7998B84998AAEB8424BCFAE2B984D42E0E68FAA11DDEE4C17046081EDAB70D3D0C701EE8188A77F42078B8D6365D82A741E9559FC160CC9831742C8B87874763DF884619171B68AEE469C043BB4EFF0826DCCE9700001CCD4944415490A1438762961CD2BE7D7B0C8AA35C5C5C1A4CEC614AE0E1DC1247ABFED4FFE6FEBBF57E5F975718F0BC38D4879ADED7DD08C1C37855CB6F48A8051113CFC398AA750D9E7A0174EEDC39C2714B61FBC5E0B27A4CD55C3069041C7C01A340E7CE9D4BC5C6C62A19273451DB708F83CEA5E8C7A652D8FE31D607A51206ECD9D9D931D534A6A32981A74E18F6A2A927A7DE1EE686F1B7B4E499DADB9D7A65B84F637B82C6BE9AFA7CAE1ACFC3785633E0C1EC392D091E66AE4A1F9C8484040CA9A6540E49697F36DC57E057BC3E86D5867818AD397BF66C3CE751626C4DC0839634B963699D2E314B0FFADFA163AB5C056B0CD06A3FB8A6049E3A094096469E08BF3ACE1D2F5DA4C133B8BD23F5D1243A3CD658A40FB3E741A3813CE5141D968085B993947B48AA89B54D1BFE550B9EFCFC7C3277EE5CCCCD56C75C8DB138B367CFD6097830BF818AFB0BCDE48D8107F3C6611E010CC1562DF2E42204A50E27C96243E0A997573064E2D5575F35893DCFA707538952EAA90D23FE763E3625B4584E406284490FD581476EAAA6C183194335F530680A68B8EFB04C525D5D4D3008EEDB6FBFAD031E740A5DB972A56A028CC6BEEC6AC7B675EB564C41C5654E8DC083079C08EEF3E7CFD769F7B9E79E239B376FAE4F4D53AD5F2F701A725C354653F582DF128952D2C3AD7DAE58EE7BCA0ABFDAF409B511A6DB45F0E0F8319A94913C7246A4F3B62178F4E529AEC4485BB76E251CC666C18146835F7EF90530AE8753B4060F1E66BEF3CE3B140288F9F831ED352679E43E7174B4A76AF9F9E79F092629D440AD6C503B411F37CC638011B3AAC518C133674B3C29ABA6951A9CB78CBE2561DAAA1B98E81D198C56DD8C2CD13B073CB4A95A717D57ADDAA6EF2B465846BE75EB161DC38FAE2CAA8C881966F01C440306ADAF0E75F7EE5D4A9E1F416BF0A8F8DE2981187DD430D7B49AC2005C2395FED2A54B3075EA542A3B5B91EB8C69D3D8C05356258539DFC5B3F3B7164AC4CC1523A2225F6B3C28A51F1AD91523081EBCCC572C3FE761C083513D1609034AECF5287998AF12FE97A035EBCD37DFC453FB3A87AEF865C7937C47FA5A24B634267DD8C59367E5510D7166DF6F4CF234041ECC31376CD8B066A9B0B8A7FAE8A38FA8F5EBD7AB6DC7D8C0139F258485BBE9CC39F41ABB655795D28B3AFFA5B3F9699D1D31E6967EF8F6183F12D9CD159F69F4856916959BFFB23AF0304601F43040F0D43797C698B529A353DA7FFCF5D75F307DFA747574243B77EEA4637E546E3EA86F4C4AE6E15BB76ED1713CF7EEDDABB3DFA1D7B4913B491B000F66222598A0A339E5D8B163D48C1933D4AA85D8AEB1E56EE35C6E458327F85EF10D9AF0EF4D3FF955FC60B7050C78A6F47623AF0EA76FCA3616F0C8AF55A424B5AE39F2FC6D98C3604093D4B6A682AA8E8441977D64644C58A85AD01CFCF3CF3F63B0587DAA19F37725E0E4E6E6E22D08B07FFF7EB5C0D1043C184680E0C33C70AAE589279E2098920A0F409B52E4B9E5EACDD9866D6A78DED594EE5BE49DEF4E6511CEB58AD0EDBFFC2534F1A346C776B838D193F10434B60B7D993D0FAA6DE861202F348850F2D8A8B1B6D5D923E888E26A3F36F2FC656ABFC2E1E1E1E4BBEFBEA301A4895938333393CE9A8341666AC6ACB1DAC6490BA576EA988E4A8D546C904C986AEBC48913986A8B7BEEA4F61D6303CFE2BDC9447EA12F6D581B1493125A0B9ECE7BAC2EBED411F70DF40323BB4A5E011EDAA78D98A1E70467C5D04C8D3FE69A79EE6232F5D4302201904901CCD4A6865262084B4A46F9D85A42EA34F5D966302666F5EAD5F526F9737575C534BA044FF239A7F84A5207F3569F387102F73870F9F2E54635024DF2A271121ED661703CEBD9B061037DEB9C26B9DBD02880D792A0695E9D054FB583060E8B75F41DD36D3333BF8D27F2ABE4694BDBD45D17ACE945408BDBAC65D7C4152E96ECBDA45B9E690F416EB5CF0DBC307B1E46EAE01CE42A27FD2D50050BD762848052055593E74C9EF6AAF75DBC4D4DAE6AD54B4E4CA63E6FDE3C829BF5D0D050FA643F2F2F0FD06A85FB234C35A5FA3226874F4F4FAFF3A5D7043C2A39B4D58E0B7DD9D02B7AE4C891041D3E993C7318458A63BB76ED1AFCF1C71F145E4BA20E34E3C68D03B158CCE4E956EA0325F2D8B1630D9CBD00520BABE1B55F1EB27C635F5223DAB3A28F0DBB182FBD76BE28B3BD3D2AB974A577C6F9C3D82E2E4D66243D52840B1E1C2F5754A88C9F752EE04A1C666FC7ADDBA47993A7E9B4B9F5BE8BCC8A193A3101882E0AE6925EB76E1D7CFAE9A71849AAD4A426E0C11738B737E862484A6D2C5EBC98F662C031AACBF0F3E5975FD2BE75865E8EDF2D261B8E6530C3A4FC1F963EFA61CB50FAFA44BABC3FFDE45777384603BC4A1EAF943702A30167CF434F85913CAA1207FFAD6A08E0028791400DA8720D2F734392877913439A91A1509234A7602E842D5BB640870E1D28DC9B34153C2AF706356748ECBB989F016F49C0732C949E78208CD7ABA89606F2D7E9641CBA6A64536C2689B94DDFBF4AAB32DDCEE72C59BB77DC1A163C2B471D0E3D3FC93F51DE21097015C0D6673B1805782C7FC9124B287326049BEB8AD31010EA933E4D004FAD7AA8097890A0E8198046026430EEA5B89A2E361E60A24F5AEFDEBD999084268387FEA21042673045B7A1E64490E23EE6F5D75FA7737373432EE487C574DE036ED12073AAA62469D17AF37F7E40D28BD0A05B0B9E5131D9DEEF1F8BC863C11335E2A4C58D712E35226B3A930EFD85FEF9A58EE0E160D92415A64567A3DC3871FD29515C6CE92006420F9D2B411A03822A80381F8B3AFB257529A1D9BF2199CAE6786A452B4C6FFBD5575FD152481310710C0B14635890C7F3907A240F656363A3F1526078038E0781ADC97898863172F4C5175FA4F372E3FFABDED82D3F2C266A0E8BE9AB571AC8D9ADF1D85BAA627EB9189EDD96C0EE7704D55249CF0FF70BA2204AC62E361A0D9E7FFBBFCADC603BA4365DF9BD087F18DDD938F63D1C954C2B06D621D19BDC2FDE3C8D37621F3E7C986008C38D1B37588B15862EF4EEDD9B4C98300103D128158F04D5E12B9D0735756EC8EC972F5FA69380E07F31630EF70ED55EBD7AD1A9B3F0A0137F68E8B0B2C22B9E4CAF7002E0E8C979A754646DDF343080028AFE54B3E57F334FFE717FA01BE32B4FF07A45049011EC7B4C6FD5F819190405D61FCD2071F14CD00140E7FFF216AFDF33666D1D50AC1A7428E8DC8C8064461771B1B5805DF3E95BC19AFC55D52305D419039AD27D53BD0B5A9B4EEAC66D0CEBD69435D2DB3B4F6DBD478A85ECD93B19F6579AFB92B39368342911370AA2CCEE2E9D24AA70B542732FD749D4D017A13E86D774DCCD010C772135EDAFA5165F276A5B4B0DCED8DA557506B52F1689BAAC3C648BFB1DB55FCAD75E38F720A5AB437B063CB3FA7BC273831B3EBF3010A268CB38BA024C6B4B1C0321BFE90D63C7B95CD873298F351604DF2D3EB7E5C7E1439899D6F9522E1D173BF56AA42773A738097213C096678CC264ADEDEAE9023CAD2D69B49D335F5F0B0ABCF6CB03482DA44DD458C880D8F4DE518727DEA8173CE8E776736EFB2A4E701C6C7A2A0CC23C15DE085AF46FE8559B03201E3886BEBACD185F625E15BCBD2B91953AD64289F4C99B898259D1B3D860CB3A0C8026EBF9AF9C2F48EFE8E0CAA86EB3FB7BC2B3C6A1BA694AAEE6808657D334A5B211D7FBF95C2ED97D298F15320109A5A95BBF1FD20E4DD4F54A1E7CB03422EEE5AB111EDF33E2CACF45003F3C6752AA5B73C1C303C88881A1C9D05FDEF18064162BBC0AFA1DCB19BB22665C1CF75DB5AA07AA6EB7678555091D2D98BC06F0D9F476D033D0DE9454151E409A70511BAC7323AD023EFC134F6C688B3365572696743D556613756A24275EAC9EF31B54DDDE78F66C5A720F273C21A5996C6C1717DAD3DA48CE7C3459721E3C9A50A90DD6410FEAE377E9A31C9A47426E175FFBE6A7E17D554951AF24891A717CC4C5295E27980353CCADB3FBB5CE606B656E2AD287074F1B0446635316D64861F69678903299FFD0CA76282D2C2A6E5292C6E0D9037BCCF72F6C575DE42B600F4C5F1DE10B537AB9F1D2A7968AA6F211698C9FDAD473CC53F0DDA92C76CE6ED9555561EB8ED83307A38DEE79980A0BA79D3A7277886B24633808F1B081CDF3C24C89719A237D78F09820ACDEFC351192F2AB989991AEE7F337AFDB3BFA6D75536D900136F4FCDBF9F4F4E0A26A3B5A55A3196DF9D460E8D7CEC1D418475B1099DAFC4D1006DA4FE97272397CB22F853514D8544AA4430E273ABC7B61168B268D250F6D3878EE5C567277476F46FA0C0871804F1E0F3625E9C37E653424370F1C0D09656CD5A2F6A7C0A52445FAE190DBC5F736FF34AC0BF76C4763F060C515C38E77BB30D50BEFAF60A5CF5773C3A08397497A1C305F9D86D69D078FB1A14283F13EC8AD82FFFDC60452D32F90C1FBB283969E8E48AFEFF54619013DADD35F8B28CD6A4F5FBD48373AAA930B2C8C3429B3B53AFA34A4CA354A370DD68BAF624014F82226034EDC53C4EDF83D2A2BFAE19BC1EEF5491D8D55AF8FC7C63D7979BCC72EAEF44167D12037415B60225DC5091910ABF043E152009D3FD1099453C8806399A3A262C69F6AB60A82D227E5ADC8CADC76B6D68CE1604C671778978F32E5B9D00428F0E5D10C88E5448B7AA75454046D3AE6A4CE3CADD59E87A9FCD1B8D867AF457AFEC4953E9BE7B587100FA3488C68024BCC4FA1252890945F0D6FFEAA94D5870C88C99E12752CE26063FD69AC76E1A1E9A1B7022BF26AA50FBDF719D6C109164F0CD458FD6B6C30FC739E02FAA6C0EA436970FA4129DBAD674A45453B0DA48ED64CFF7144DCCB97233CB672A5CFEA1921D03D80BE25596320EA9B407C7F3C05D451E0567A252CDEABE47543FA1DCF9EB8E248C4114D28A615C3D75ADEC69565B5B767EE1427081C04100F1E4DC8CDD731240A207010404CF14B2C2BF1FF36D6ADB1BD0E535F2BF0E04BE8307A69B2D7094229CE7DD0708006041E4086C41AFC581AA2001A08D050C0028100E97F20BD77D4294598756314D41E3C106596FBC2D8DC94AE0ECC7D1AC4D3D10AB63DDF012CCC94AEF668AC6FFE394F8156A1804446E0A59F1E405E19DE015D5BDAC517677EB36D189DCC50D341690D1E6C18F3BB5D8BF44DAEB257F8BC4DEFEB0E2F0EA56F776E529B9A0E98AFC753A0B914F8F14C36FC79A5806DC6A64222EB7328DDF7A38B8FE76AD37693181D7DDEDE9DF9EFF98481AE8FC93BA3D1FAE59C50E8E863CB03489B15E0EBEA950209D94278F78F47DC3E49A70BF9C7D7478F8AD446EA348BC937851D165C7ADCADA2D0CF86B90F8774F5B783B53379E3815EB981EF4C2B0A2C8A4E823B190A23817BA6B026F4489A4354FC2C850EA7618B4D923C4CDB4BC7C6BE712DD2F36BAEF1E0F9A1DE30B3AF47B380A9E1D8F96A3C05B4A240F4957CF8E94C0EFB0E4580F48DC99CBEE2F878264FA156ED350B3C68BACE7B6E4C263764017BDF38370CDA9BAED7B55604E62B1B06051EE656C10265AF6908B9559CB97987764602EE6C9A051E7A9FD325C6F5D264B7FC524F0166DAC142BAF8D9C1BA59BCFA66186CC38F0229F0FE9E24B89BA950D79CF2ABA543F7A738BF113FABA2A9146A3678D078F0D1F813DF5E1FEB319FEB7930AB9F073C37848EA16B761F4D9D1CFF1E4F01A4C08EB339B0E7723E9718A4F7F19CC59F1E19475F15D2D4A213C646F5ADE099B1198F7A3AD0B66AC6F3FAE32941F058A8230FA0A6AE0EFF5EB329F0DFA33258F14FAA523BA1B74AB2BEDE31D45F5BEB9AEA6074021E6C746B9F03B66746789515FA5933778212173B0BD8F86418B81BFED58CCD5E24BE01C3A34041B91816FC9E08C5958A5C856E594271EF73694EF5E525D066163A030F761A35F2C4941B635DF689AC1587A77D821D60E5132699F3401B3AF3755B8102CBFE4E81AB298A9C04826A29E913973B61595C648C2E86A353F0E0FE67E1F4D387E207BB60BA2A36E7C1B43E1EF0D2307EFFA38B05E3DBD08C02DB4EE7C05F5795F7395DCF17FCBB76EFC851CD55D79811E8143CD828C6FDC4BDE89793D645E1FB867F7F6B8C1F8CEF86172FF00604CD969FAFD5540A1CB95D045FC7662ABD1E145F5A3C6A5BB6C72C505C11D2D4F65B0C3CD8F0BAEE47ED6E8F7129C9F7B766B38DE2DF574D0B86DE410E3C809ABB6AFCFBF552E05A6A392CFD8BCEBDC6168F0CA1B85B6CA9CBFBB72214B66A1DD050E7928719D38A2147FBDC1CE57149E8ACB869C1D1C61CD6CE0C854037010F201D2C1EDF843205D20A45B028FA119455B1F74F815D8958D6EB645EAF8FCE8CBFA56B7AB5187870FFF36144DCFBB747BBAF965A98B1FB9F60776B583333041C6A8D0A7CE129A0130A94574BE183E8244829A866DB3397C8488F93798B571D19BB4E57FB1CEE605B94816903C2B47F7F8B1FE23A9B6B40E81E600F9F4F6F07546D401D5F780A348B0284002CF933196EA52B390B902EE70B8EAEDB3B72424B00472FAA131EA0E6CF1B7335A9B7630F2E80F0F0140F51790342B3F8867F19B3DAFE930A7818CA2D61D74B52DD769E08D134A4BA2984D4CB973F6AC4498B9C1041726A577B3F2E804674748645E30378003565E5F877680AAC3D920EA7124A94A8117CB7B474E48FD96EBAB4ACA923B75EC0831D6FED73C5F2523F717E56073B27F940E800BA519D9C6161240F201E0BDA53E08B987438714F19387E0FCBABBA1F2F75793B71027B07BCF62D6BF686DEC083C3F972E01E9BDB7D030B73DAD9DA700134BA930BBC67FAB9AF355B11BE964614581F9301719CDCD2F8924F72654DA77FCB5C756D92AE6F407A050F0E62CDE0FD0EF17DBDF3F3826C687B35E3443A2CDC19164FE02590469CD3C62BAD3E9C0EA7EF2B4B1CAF34A1B8C7A96CCF776E3CA1FCA00569A577F0A005EEAB9EFB9C6E0CF7CD5105D0801047F86852205898F359785A70CD8DB6698994C0AA8369702949D93880C0E97EB1C4FBDD0B9145FA9C9CDEC1532B6A08B5A64FACE3BDC18E3979C1366CFA5E7C8681744B260682AB1D9D1AA155C6A7CF05E0FBD28C02459512F8FC509A52401BBEE9992AACE971A9C447DFC06975E68CEA7CD23E6DA44D4E76A82D9B811407E5EF22800F260440A827BD35E201A4197F996CAD477955B0E6703A64142BDB007C1F555477B891EFF9C1B9C715AED37AA442AB336654F049EB8C08416666B83DED35CAEC836CACCCE1FD487F3E984E8FCC60885DE1F9CDBA980CA8AA51B8DCD01FD807E5E57E31359E512923152E057A9E40AB8307E78B66EC1BDD6AEEA774B7C7C01F664CB429FB95113E30B5179D9CD420C6AAE7F569D3DDEDBB5E00DF9FCAAE4383E03BA5395E499280A8532315516EAD40298361480C6538F3A4F799C47ECE984851094013BABBC19BA37D19F218CC985B61BDDA4C979BE3B2E0F0AD42D5F992F6578AEFB8FE76B2674B7A0E684A6483624474E5299F3AE28787FD9D9F175BD3CEA4586809D4D9D716168CF5870057DE235BD3C535C67AE94522D8783C03E2B3844AC3B714C948F8A5A2DFD6FE3DF2E996F255D3965E06059E5AA4106AE9D813F31FF677FAA6DCCD8A4967453F125850F0D6187FDA2B8157E3B45D6AC3AF8FDE025FC7668048A29C6BDDB150240BBF5CFACAF263A3B71B0A700C960111409F0F88EB74BFBFC3CDBC766C3A5F560A4DECE106AF8DF401F9A50C06F701307C3635AC11CA08812D27B3E1D0CD3A6A1A78A508C5E1D70A3A2E393B49E9162A439881C1321E02E88BEEC76C937BDAA527F7744451A3A4C605B959D3C6845E81F40DF7063B0F435864431EC3F5B40ADA28905A58D7681672B3A4B0EFBF52FFE75BD1A2D610ED0C9EE9D0907065B2E76F8FFA38CD143AB20174AC5C9FD1D7035E184A2717E14164C8285133B6ED677260EF15A5241D742DBB320909BB5EF297F5FED3B30CC130501F590D1E3CCC3E68F9A0635D52FA385DCB6D676BC9990C0DA2405701BC30D407FA87D0F91178101938882E2595C3F633D9905654D7F1D93BA5521276A5A8DF87E727DC34A4FD8D3A921A05785800758EB62CEAEE7D23B997534789A592FF1B0DA2B15D5CE099415EE066CFE2CB68E667E0FCAE93E1155688E197F3B970FC6E719DF62CC4321272A324A9F383FB9DE65F9D2FD649872DDC88D13117EE85968F8E7B3CB187C3DE427F1B263B29432622B03083A7067A02AA739C6274F36CE175D77BF3A89EEDBA90072289AC4EDFEE194269E8CDD2199FC48DDB6FE8D2C6E8990A01B4C13FDA3A6588F7DD941E8EC162017B26542BA450957313C09303BC607838137BC7AB737A470C00FC7BBF147EBF980B98D946B55889A4A4DDADF234E79B391D9A72B9546BCCC7E8C1C38A1920D4CAE1717D93BB3A9CC909B5B152B1BAD120EAE66F474BA17EEDD8FD10BF27D203D75D4E2EA78D01B739B7B071BBF57E54296E77A764F8B27F23FF3326696332E06126425BE4A6B86F49EDE2F8629987F2C12A530773664FEDE506F85F15758EB1DCF1AA9D0E4085B9A1F75D2F54CA11CD6DD6295F240BBA5BB6B7CF3F85735B3AC7800EA6D3601326C330A8CAAD0DFFC73EB3B76B7C5A177B3F91AD525E38D6B4DD23C01E26F7748541614AEA1C2F8D9AC969E7134BE1C08D22B8A99CFE896D55209492A0F8B2EC0E3772C39B73A1543387A9D3D74D063C5C556EED80237EC99D9DEE6474B277945AD4B5CA61DD100F6B404F85C8AE2E4029AA981C3D74CA2D2A8D114220E64E313974B3904ACA571F19602E9141C0BDF28A76F7CB7BBE7F7E7C92B1AA68EAE868B2CC829268E59063FDD33B3A9CC8EC646F23BF74984B035A1A39589BC3B82E2E30A68B0BA0D7828A4AD792BC67B46DA33740ECDD6272EC6E3185993AD5321601F04F28AB0E4E108E597266EC7953020D335F93050F5712AD1C16DB35A3BDDDD9AC8E760E52F5F9116820F50CB487911D9D01F3C9592AB43E93A7912628164B099D1FED644209DC48ABFF1A4F73A90CFCEE5754F9DE2F9FFCF199C813A6089A36031E2E88560D3A11921D26F82FAB839D9BCA9E48510D00AC2C2818D2DE89FEC9AF856C73F46226FCDFA33272F661299C7D584AD5A8783B7341877B1ABFC48A32DF0765238CC13B40930F466375DADC5795312C64777739991D66DB4BC53A5747ADB31398C3801007E81FE2087D83EDC1D68A3D973549DA096BA4E44A4A059DA1E6625239548A94D4B23A7376CAAF91F92456267826940F597C7B6289294B1A553099240334F6C5609E631AE01A6BF24E6E3BDB153921360259C329AF68D5AE47801DF40A74801E81F610EECDE46E346AAF6E723FA70A6EA655C0F5B472B899AEF60A1B253E319312E29D241479A708975856996D6EED70684DD75BD7F5DA3478B82ADDEA21879C737D1C0FE407DB3C56E423C020BCFA68C39ABD512A75F5B585701F5BE8E8630B1DBC6DC1D64AC9DB41D7EBD5ECF68435327890232409D942B89F2D843B594255E9827DA89DBB6BB648EA9922BCEE9B593D71E1F971F96D49CAB4296B5B53B90C43C1AD060EEC90DDCEEE607EA07570A9277DE8AAC947860615A6CDC29459780F51A09B80C27FE34FDF691CF1DA8D8C6211C1744DE81A83F7D6600A27D5F44D8D59179DF244528FB4EA879E195553A4A7CF3F32E41081A6AE7953DFD384299ADAB6D1BF8740B21838D4273FD06A67919F6048A19FB5851A93B7BA792AC711631E65672BF072B4A2DCED2DC1DDDE025CED2DC1C9C682FED95B9BA3C4026B4B33C050734B73333037575C5E848D49A504C452191DA25C2D96014A908A6A29945649E85F518598145448A0A0420CB96535905D52D318FDD5AE3D4580B867564BDC32AB2E7B65D43C597DEE5C060F18F5A4E4C1D3188BC99FD3CEA803A3ADF39D3DDE28F2117C54E223702C73B344FA3595867500A6E1509A52ADA13112C7423171C91195BA660B975B09CDB77E726A84A8ADAB649A10B9A90BAF49DB265D07A5925DF7813645BE5673CA3C2DA24A3C04DEE5EE0273B1A0490A9A2E80A4D15A5A8A08712810499DF345D94EF9E228974CF1EE85B7C60979B068CFAE1A115CFB66DBDE1B2899A221DAECE10057F74A57B357CA5C2D5FAF74B174AF70B634133A59508D58F2744D3062262560572A26F62552B15DB128DDA158BAD9A1ACF217D1D92BA59FC027A87DEA02B0BA1EB751B5C783A705970B0185CD2F87E51474EE6C019E1EAE221BD9E41A1B8BE7AA6DCDBAD4D899DBD608CCCC6B6CCC2989A51948AC28905A5020B3A4404699013089B76400664406666202E6120216350430F2D2AA4A4AAC4432A995505A21A894DDB3114A7FB3118A0F480A4A73213E5EC283A40517F7FF9BFE3FBBDE2BC261CAE66E0000000049454E44AE426082, 15647, 'image/png', 1000000, '2024-07-30 15:18:59');

-- ----------------------------
-- Records of lda_group
-- ----------------------------
INSERT INTO `lda_group` VALUES (1, 'system', NULL, '超级管理员组', NULL, 0, '系统超级管理员组', 0, '2024-07-02 09:10:21', 0, '2024-07-04 02:33:29', '');
INSERT INTO `lda_group` VALUES (2, 'system', NULL, '所有已认证用户组', NULL, 0, '所有已认证用户组', 0, '2024-07-02 09:10:21', 0, '2024-07-04 02:33:29', '');


-- ----------------------------
-- Records of lda_group_member
-- ----------------------------
INSERT INTO `lda_group_member` VALUES (1808753726381547521, 1, 1000000, 1000000, '2024-07-04 06:44:28', 1000000, '2024-07-04 06:44:28');


-- ----------------------------
-- Table structure for lda_group_resources
-- ----------------------------
DROP TABLE IF EXISTS `lda_group_resources`;
CREATE TABLE `lda_group_resources`  (
  `id` bigint NOT NULL COMMENT '编码',
  `resource_id` bigint NULL DEFAULT 0 COMMENT '资源编码',
  `group_id` bigint NULL DEFAULT 0 COMMENT '组编码',
  `create_by` bigint NULL DEFAULT 0 COMMENT '创建人',
  `create_time` datetime NULL DEFAULT '1970-01-01 00:00:01' COMMENT '创建时间',
  `update_by` bigint NULL DEFAULT 0 COMMENT '修改人',
  `update_time` datetime NULL DEFAULT '1970-01-01 00:00:01' COMMENT '修改时间',
  PRIMARY KEY (`id`) USING BTREE,
  INDEX `idx_group_id`(`group_id`) USING BTREE COMMENT '分组ID索引',
  INDEX `idx_resource_id`(`resource_id`) USING BTREE COMMENT '资源ID索引'
) ENGINE = InnoDB CHARACTER SET = utf8mb4 COLLATE = utf8mb4_general_ci COMMENT = '组-资源表' ROW_FORMAT = DYNAMIC;

-- ----------------------------
-- Records of lda_group_resources
-- ----------------------------

INSERT INTO `lda_group_resources` VALUES (1817747489581850625, 1812654497805107201, 1, 1000000, '2024-07-29 10:22:28', 1000000, '2024-07-29 10:22:28');
INSERT INTO `lda_group_resources` VALUES (1817747489711874050, 1808765872981061633, 1, 1000000, '2024-07-29 10:22:28', 1000000, '2024-07-29 10:22:28');
INSERT INTO `lda_group_resources` VALUES (1817747489778982913, 1816773888338739202, 1, 1000000, '2024-07-29 10:22:28', 1000000, '2024-07-29 10:22:28');
INSERT INTO `lda_group_resources` VALUES (1817747489904812034, 1816774194606817282, 1, 1000000, '2024-07-29 10:22:28', 1000000, '2024-07-29 10:22:28');
INSERT INTO `lda_group_resources` VALUES (1817747489967726594, 1816774385305042946, 1, 1000000, '2024-07-29 10:22:28', 1000000, '2024-07-29 10:22:28');
INSERT INTO `lda_group_resources` VALUES (1817747490286493698, 1816774498521890817, 1, 1000000, '2024-07-29 10:22:28', 1000000, '2024-07-29 10:22:28');
INSERT INTO `lda_group_resources` VALUES (1817747490361991169, 1816774565228101634, 1, 1000000, '2024-07-29 10:22:28', 1000000, '2024-07-29 10:22:28');
INSERT INTO `lda_group_resources` VALUES (1817747490429100034, 1816774670635155457, 1, 1000000, '2024-07-29 10:22:28', 1000000, '2024-07-29 10:22:28');
INSERT INTO `lda_group_resources` VALUES (1817747490496208897, 1816774739795034113, 1, 1000000, '2024-07-29 10:22:28', 1000000, '2024-07-29 10:22:28');
INSERT INTO `lda_group_resources` VALUES (1817747490634620929, 1816774804831911938, 1, 1000000, '2024-07-29 10:22:28', 1000000, '2024-07-29 10:22:28');
INSERT INTO `lda_group_resources` VALUES (1817747490693341186, 1816774874167951361, 1, 1000000, '2024-07-29 10:22:28', 1000000, '2024-07-29 10:22:28');
INSERT INTO `lda_group_resources` VALUES (1817747490827558914, 1808769410784227329, 1, 1000000, '2024-07-29 10:22:28', 1000000, '2024-07-29 10:22:28');
INSERT INTO `lda_group_resources` VALUES (1817747490894667777, 1808769434662400001, 1, 1000000, '2024-07-29 10:22:28', 1000000, '2024-07-29 10:22:28');
INSERT INTO `lda_group_resources` VALUES (1817747490961776642, 1808769460704833537, 1, 1000000, '2024-07-29 10:22:28', 1000000, '2024-07-29 10:22:28');
INSERT INTO `lda_group_resources` VALUES (1817747491028885505, 1814231354722557954, 1, 1000000, '2024-07-29 10:22:28', 1000000, '2024-07-29 10:22:28');
INSERT INTO `lda_group_resources` VALUES (1817747491091800066, 1814231472892878850, 1, 1000000, '2024-07-29 10:22:28', 1000000, '2024-07-29 10:22:28');
INSERT INTO `lda_group_resources` VALUES (1817747491221823489, 1808765912441073666, 1, 1000000, '2024-07-29 10:22:28', 1000000, '2024-07-29 10:22:28');
INSERT INTO `lda_group_resources` VALUES (1817747491284738050, 1816741429765115905, 1, 1000000, '2024-07-29 10:22:28', 1000000, '2024-07-29 10:22:28');
INSERT INTO `lda_group_resources` VALUES (1817747491351846913, 1816741046900658177, 1, 1000000, '2024-07-29 10:22:28', 1000000, '2024-07-29 10:22:28');
INSERT INTO `lda_group_resources` VALUES (1817747491548979202, 1816779064021794818, 1, 1000000, '2024-07-29 10:22:28', 1000000, '2024-07-29 10:22:28');
INSERT INTO `lda_group_resources` VALUES (1817747491741917185, 1816779136130269186, 1, 1000000, '2024-07-29 10:22:28', 1000000, '2024-07-29 10:22:28');
INSERT INTO `lda_group_resources` VALUES (1817747491876134914, 1816779272134770690, 1, 1000000, '2024-07-29 10:22:28', 1000000, '2024-07-29 10:22:28');
INSERT INTO `lda_group_resources` VALUES (1817747492069072898, 1816779411431800834, 1, 1000000, '2024-07-29 10:22:28', 1000000, '2024-07-29 10:22:28');
INSERT INTO `lda_group_resources` VALUES (1817747492131987457, 1816779474900008962, 1, 1000000, '2024-07-29 10:22:28', 1000000, '2024-07-29 10:22:28');
INSERT INTO `lda_group_resources` VALUES (1817747492203290626, 1816779976203223041, 1, 1000000, '2024-07-29 10:22:28', 1000000, '2024-07-29 10:22:28');
INSERT INTO `lda_group_resources` VALUES (1817747492266205185, 1816780162405154817, 1, 1000000, '2024-07-29 10:22:28', 1000000, '2024-07-29 10:22:28');
INSERT INTO `lda_group_resources` VALUES (1817747492396228610, 1816780465569447938, 1, 1000000, '2024-07-29 10:22:28', 1000000, '2024-07-29 10:22:28');
INSERT INTO `lda_group_resources` VALUES (1817747492459143170, 1816780585069363201, 1, 1000000, '2024-07-29 10:22:28', 1000000, '2024-07-29 10:22:28');
INSERT INTO `lda_group_resources` VALUES (1817747492589166594, 1816781599898001410, 1, 1000000, '2024-07-29 10:22:28', 1000000, '2024-07-29 10:22:28');
INSERT INTO `lda_group_resources` VALUES (1817747492719190017, 1808769505290285058, 1, 1000000, '2024-07-29 10:22:28', 1000000, '2024-07-29 10:22:28');
INSERT INTO `lda_group_resources` VALUES (1817747492786298881, 1808769531177529345, 1, 1000000, '2024-07-29 10:22:28', 1000000, '2024-07-29 10:22:28');
INSERT INTO `lda_group_resources` VALUES (1817747492853407746, 1808769553969377281, 1, 1000000, '2024-07-29 10:22:28', 1000000, '2024-07-29 10:22:28');
INSERT INTO `lda_group_resources` VALUES (1817747492983431170, 1814230484278648833, 1, 1000000, '2024-07-29 10:22:28', 1000000, '2024-07-29 10:22:28');
INSERT INTO `lda_group_resources` VALUES (1817747493050540034, 1814230795365982210, 1, 1000000, '2024-07-29 10:22:28', 1000000, '2024-07-29 10:22:28');
INSERT INTO `lda_group_resources` VALUES (1817747493113454594, 1816779344943693826, 1, 1000000, '2024-07-29 10:22:28', 1000000, '2024-07-29 10:22:28');
INSERT INTO `lda_group_resources` VALUES (1817747493247672321, 1814231007882977282, 1, 1000000, '2024-07-29 10:22:28', 1000000, '2024-07-29 10:22:28');
INSERT INTO `lda_group_resources` VALUES (1817747493314781186, 1808765934406643714, 1, 1000000, '2024-07-29 10:22:28', 1000000, '2024-07-29 10:22:28');
INSERT INTO `lda_group_resources` VALUES (1817747493448998913, 1816782622280519682, 1, 1000000, '2024-07-29 10:22:28', 1000000, '2024-07-29 10:22:28');
INSERT INTO `lda_group_resources` VALUES (1817747493511913473, 1816782903957393409, 1, 1000000, '2024-07-29 10:22:28', 1000000, '2024-07-29 10:22:28');
INSERT INTO `lda_group_resources` VALUES (1817747493641936898, 1816782996894781442, 1, 1000000, '2024-07-29 10:22:28', 1000000, '2024-07-29 10:22:28');
INSERT INTO `lda_group_resources` VALUES (1817747493704851457, 1816783176352272385, 1, 1000000, '2024-07-29 10:22:28', 1000000, '2024-07-29 10:22:28');
INSERT INTO `lda_group_resources` VALUES (1817747493771960322, 1816783240856473601, 1, 1000000, '2024-07-29 10:22:28', 1000000, '2024-07-29 10:22:28');
INSERT INTO `lda_group_resources` VALUES (1817747493834874882, 1816783300579168258, 1, 1000000, '2024-07-29 10:22:28', 1000000, '2024-07-29 10:22:28');
INSERT INTO `lda_group_resources` VALUES (1817747493964898305, 1816783426097909761, 1, 1000000, '2024-07-29 10:22:28', 1000000, '2024-07-29 10:22:28');
INSERT INTO `lda_group_resources` VALUES (1817747494027812866, 1816783525406445569, 1, 1000000, '2024-07-29 10:22:28', 1000000, '2024-07-29 10:22:28');
INSERT INTO `lda_group_resources` VALUES (1817747494094921730, 1816783605815447554, 1, 1000000, '2024-07-29 10:22:28', 1000000, '2024-07-29 10:22:28');
INSERT INTO `lda_group_resources` VALUES (1817747494229139457, 1816783714766688258, 1, 1000000, '2024-07-29 10:22:28', 1000000, '2024-07-29 10:22:28');
INSERT INTO `lda_group_resources` VALUES (1817747494292054017, 1816783804650622977, 1, 1000000, '2024-07-29 10:22:28', 1000000, '2024-07-29 10:22:28');
INSERT INTO `lda_group_resources` VALUES (1817747494354968578, 1816783929477304322, 1, 1000000, '2024-07-29 10:22:28', 1000000, '2024-07-29 10:22:28');
INSERT INTO `lda_group_resources` VALUES (1817747494438854657, 1816785596629331969, 1, 1000000, '2024-07-29 10:22:28', 1000000, '2024-07-29 10:22:28');
INSERT INTO `lda_group_resources` VALUES (1817747494552100866, 1808768903294414849, 1, 1000000, '2024-07-29 10:22:28', 1000000, '2024-07-29 10:22:28');
INSERT INTO `lda_group_resources` VALUES (1817747494619209729, 1808768971984531458, 1, 1000000, '2024-07-29 10:22:28', 1000000, '2024-07-29 10:22:28');
INSERT INTO `lda_group_resources` VALUES (1817747494682124290, 1808769052536139778, 1, 1000000, '2024-07-29 10:22:28', 1000000, '2024-07-29 10:22:28');
INSERT INTO `lda_group_resources` VALUES (1817747494812147713, 1808769105350815746, 1, 1000000, '2024-07-29 10:22:28', 1000000, '2024-07-29 10:22:28');
INSERT INTO `lda_group_resources` VALUES (1817747494879256578, 1808769148950605826, 1, 1000000, '2024-07-29 10:22:28', 1000000, '2024-07-29 10:22:28');
INSERT INTO `lda_group_resources` VALUES (1817747494946365441, 1808793831448182786, 1, 1000000, '2024-07-29 10:22:28', 1000000, '2024-07-29 10:22:28');
INSERT INTO `lda_group_resources` VALUES (1817747495009280002, 1808793861919801345, 1, 1000000, '2024-07-29 10:22:28', 1000000, '2024-07-29 10:22:28');
INSERT INTO `lda_group_resources` VALUES (1817747495143497730, 1810598352489156609, 1, 1000000, '2024-07-29 10:22:28', 1000000, '2024-07-29 10:22:28');
INSERT INTO `lda_group_resources` VALUES (1817747495210606593, 1811596497960439810, 1, 1000000, '2024-07-29 10:22:28', 1000000, '2024-07-29 10:22:28');
INSERT INTO `lda_group_resources` VALUES (1817747495277715457, 1816772113342840834, 1, 1000000, '2024-07-29 10:22:28', 1000000, '2024-07-29 10:22:28');
INSERT INTO `lda_group_resources` VALUES (1817747495340630018, 1816772214291349505, 1, 1000000, '2024-07-29 10:22:28', 1000000, '2024-07-29 10:22:28');
INSERT INTO `lda_group_resources` VALUES (1817747495474847746, 1816772322693136386, 1, 1000000, '2024-07-29 10:22:28', 1000000, '2024-07-29 10:22:28');
INSERT INTO `lda_group_resources` VALUES (1817747495541956609, 1816772536514560002, 1, 1000000, '2024-07-29 10:22:28', 1000000, '2024-07-29 10:22:28');
INSERT INTO `lda_group_resources` VALUES (1817747495609065473, 1816772781629685761, 1, 1000000, '2024-07-29 10:22:28', 1000000, '2024-07-29 10:22:28');
INSERT INTO `lda_group_resources` VALUES (1817747495676174337, 1816772889792397313, 1, 1000000, '2024-07-29 10:22:28', 1000000, '2024-07-29 10:22:28');
INSERT INTO `lda_group_resources` VALUES (1817747495743283202, 1816772973464567809, 1, 1000000, '2024-07-29 10:22:28', 1000000, '2024-07-29 10:22:28');
INSERT INTO `lda_group_resources` VALUES (1817747495806197762, 1816773093190975490, 1, 1000000, '2024-07-29 10:22:28', 1000000, '2024-07-29 10:22:28');
INSERT INTO `lda_group_resources` VALUES (1817747495932026881, 1816773590547349505, 1, 1000000, '2024-07-29 10:22:28', 1000000, '2024-07-29 10:22:28');
INSERT INTO `lda_group_resources` VALUES (1817747495999135746, 1814231828929126401, 1, 1000000, '2024-07-29 10:22:28', 1000000, '2024-07-29 10:22:28');
INSERT INTO `lda_group_resources` VALUES (1817747496066244610, 1814231909673672706, 1, 1000000, '2024-07-29 10:22:28', 1000000, '2024-07-29 10:22:28');
INSERT INTO `lda_group_resources` VALUES (1817747496133353473, 1811596763044646914, 1, 1000000, '2024-07-29 10:22:28', 1000000, '2024-07-29 10:22:28');
INSERT INTO `lda_group_resources` VALUES (1817747496196268034, 1814231303374446593, 1, 1000000, '2024-07-29 10:22:28', 1000000, '2024-07-29 10:22:28');
INSERT INTO `lda_group_resources` VALUES (1817747496330485761, 1812658783581827074, 1, 1000000, '2024-07-29 10:22:28', 1000000, '2024-07-29 10:22:28');
INSERT INTO `lda_group_resources` VALUES (1817747496456314882, 1812659324441522177, 1, 1000000, '2024-07-29 10:22:28', 1000000, '2024-07-29 10:22:28');
INSERT INTO `lda_group_resources` VALUES (1817747496536006658, 1816770935922016258, 1, 1000000, '2024-07-29 10:22:28', 1000000, '2024-07-29 10:22:28');
INSERT INTO `lda_group_resources` VALUES (1817747496586338306, 1816771212049825794, 1, 1000000, '2024-07-29 10:22:28', 1000000, '2024-07-29 10:22:28');
INSERT INTO `lda_group_resources` VALUES (1817747496653447169, 1816771285064269826, 1, 1000000, '2024-07-29 10:22:28', 1000000, '2024-07-29 10:22:28');
INSERT INTO `lda_group_resources` VALUES (1817747496775081985, 1816771377842274305, 1, 1000000, '2024-07-29 10:22:28', 1000000, '2024-07-29 10:22:28');
INSERT INTO `lda_group_resources` VALUES (1817747496842190850, 1816771499795857409, 1, 1000000, '2024-07-29 10:22:28', 1000000, '2024-07-29 10:22:28');
INSERT INTO `lda_group_resources` VALUES (1817747496905105410, 1816771597497974785, 1, 1000000, '2024-07-29 10:22:28', 1000000, '2024-07-29 10:22:28');
INSERT INTO `lda_group_resources` VALUES (1817747497035128833, 1814230953094148098, 1, 1000000, '2024-07-29 10:22:28', 1000000, '2024-07-29 10:22:28');
INSERT INTO `lda_group_resources` VALUES (1817747497098043393, 1814231017166336002, 1, 1000000, '2024-07-29 10:22:28', 1000000, '2024-07-29 10:22:28');
INSERT INTO `lda_group_resources` VALUES (1817747497165152258, 1809132336665772034, 1, 1000000, '2024-07-29 10:22:28', 1000000, '2024-07-29 10:22:28');
INSERT INTO `lda_group_resources` VALUES (1817747497228066818, 1816760970792554498, 1, 1000000, '2024-07-29 10:22:28', 1000000, '2024-07-29 10:22:28');
INSERT INTO `lda_group_resources` VALUES (1817747497295175682, 1816763514394660866, 1, 1000000, '2024-07-29 10:22:28', 1000000, '2024-07-29 10:22:28');
INSERT INTO `lda_group_resources` VALUES (1817747497374867458, 1816763613006942209, 1, 1000000, '2024-07-29 10:22:28', 1000000, '2024-07-29 10:22:28');
INSERT INTO `lda_group_resources` VALUES (1817747497421004801, 1816763745706332162, 1, 1000000, '2024-07-29 10:22:28', 1000000, '2024-07-29 10:22:28');
INSERT INTO `lda_group_resources` VALUES (1817747497551028226, 1816763867160793089, 1, 1000000, '2024-07-29 10:22:28', 1000000, '2024-07-29 10:22:28');
INSERT INTO `lda_group_resources` VALUES (1817747497618137090, 1816763945724301313, 1, 1000000, '2024-07-29 10:22:28', 1000000, '2024-07-29 10:22:28');
INSERT INTO `lda_group_resources` VALUES (1817747497685245953, 1816761131925131266, 1, 1000000, '2024-07-29 10:22:28', 1000000, '2024-07-29 10:22:28');
INSERT INTO `lda_group_resources` VALUES (1817747497748160513, 1816761301119160322, 1, 1000000, '2024-07-29 10:22:28', 1000000, '2024-07-29 10:22:28');
INSERT INTO `lda_group_resources` VALUES (1817747497878183938, 1816761394794745858, 1, 1000000, '2024-07-29 10:22:28', 1000000, '2024-07-29 10:22:28');
INSERT INTO `lda_group_resources` VALUES (1817747497945292801, 1816761504593235969, 1, 1000000, '2024-07-29 10:22:28', 1000000, '2024-07-29 10:22:28');
INSERT INTO `lda_group_resources` VALUES (1817747498008207361, 1815640957149118465, 1, 1000000, '2024-07-29 10:22:28', 1000000, '2024-07-29 10:22:28');
INSERT INTO `lda_group_resources` VALUES (1817747498142425090, 1815641204504002561, 1, 1000000, '2024-07-29 10:22:28', 1000000, '2024-07-29 10:22:28');
INSERT INTO `lda_group_resources` VALUES (1817747498217922562, 1816769707099996161, 1, 1000000, '2024-07-29 10:22:28', 1000000, '2024-07-29 10:22:28');
INSERT INTO `lda_group_resources` VALUES (1817747498272448514, 1816769837148585986, 1, 1000000, '2024-07-29 10:22:28', 1000000, '2024-07-29 10:22:28');
INSERT INTO `lda_group_resources` VALUES (1817747498339557377, 1815660030042042369, 1, 1000000, '2024-07-29 10:22:28', 1000000, '2024-07-29 10:22:28');
INSERT INTO `lda_group_resources` VALUES (1817747498406666241, 1816769912121769986, 1, 1000000, '2024-07-29 10:22:28', 1000000, '2024-07-29 10:22:28');
INSERT INTO `lda_group_resources` VALUES (1817747498469580802, 1816770005109489666, 1, 1000000, '2024-07-29 10:22:28', 1000000, '2024-07-29 10:22:28');
INSERT INTO `lda_group_resources` VALUES (1817747498607992834, 1810880840509595650, 1, 1000000, '2024-07-29 10:22:28', 1000000, '2024-07-29 10:22:28');
INSERT INTO `lda_group_resources` VALUES (1817747498666713090, 1808765998625632257, 1, 1000000, '2024-07-29 10:22:28', 1000000, '2024-07-29 10:22:28');
INSERT INTO `lda_group_resources` VALUES (1817747498733821954, 1816747178230718466, 1, 1000000, '2024-07-29 10:22:28', 1000000, '2024-07-29 10:22:28');
INSERT INTO `lda_group_resources` VALUES (1817747498800930817, 1816747840138027009, 1, 1000000, '2024-07-29 10:22:28', 1000000, '2024-07-29 10:22:28');
INSERT INTO `lda_group_resources` VALUES (1817747498863845377, 1816755423779483649, 1, 1000000, '2024-07-29 10:22:28', 1000000, '2024-07-29 10:22:28');
INSERT INTO `lda_group_resources` VALUES (1817747498989674498, 1816756056385384450, 1, 1000000, '2024-07-29 10:22:28', 1000000, '2024-07-29 10:22:28');
INSERT INTO `lda_group_resources` VALUES (1817747499056783361, 1816756277907550209, 1, 1000000, '2024-07-29 10:22:28', 1000000, '2024-07-29 10:22:28');
INSERT INTO `lda_group_resources` VALUES (1817747499119697921, 1816756516517310466, 1, 1000000, '2024-07-29 10:22:28', 1000000, '2024-07-29 10:22:28');
INSERT INTO `lda_group_resources` VALUES (1817747499249721346, 1816756706213097474, 1, 1000000, '2024-07-29 10:22:28', 1000000, '2024-07-29 10:22:28');
INSERT INTO `lda_group_resources` VALUES (1817747499316830209, 1808769189979287554, 1, 1000000, '2024-07-29 10:22:28', 1000000, '2024-07-29 10:22:28');
INSERT INTO `lda_group_resources` VALUES (1817747499379744770, 1808769212397842433, 1, 1000000, '2024-07-29 10:22:28', 1000000, '2024-07-29 10:22:28');
INSERT INTO `lda_group_resources` VALUES (1817747499467825154, 1808769236187934722, 1, 1000000, '2024-07-29 10:22:28', 1000000, '2024-07-29 10:22:28');
INSERT INTO `lda_group_resources` VALUES (1817747499513962498, 1810882543493488641, 1, 1000000, '2024-07-29 10:22:28', 1000000, '2024-07-29 10:22:28');
INSERT INTO `lda_group_resources` VALUES (1817747499576877057, 1816757670907146242, 1, 1000000, '2024-07-29 10:22:28', 1000000, '2024-07-29 10:22:28');
INSERT INTO `lda_group_resources` VALUES (1817747499706900482, 1816757995839877121, 1, 1000000, '2024-07-29 10:22:28', 1000000, '2024-07-29 10:22:28');
INSERT INTO `lda_group_resources` VALUES (1817747499774009346, 1816757864356835330, 1, 1000000, '2024-07-29 10:22:28', 1000000, '2024-07-29 10:22:28');
INSERT INTO `lda_group_resources` VALUES (1817747499904032769, 1816758200769376258, 1, 1000000, '2024-07-29 10:22:28', 1000000, '2024-07-29 10:22:28');
INSERT INTO `lda_group_resources` VALUES (1817747499966947330, 1816758302535774209, 1, 1000000, '2024-07-29 10:22:28', 1000000, '2024-07-29 10:22:28');
INSERT INTO `lda_group_resources` VALUES (1817747500034056193, 1814230576990908417, 1, 1000000, '2024-07-29 10:22:28', 1000000, '2024-07-29 10:22:28');
INSERT INTO `lda_group_resources` VALUES (1817747500101165058, 1812655380353777665, 1, 1000000, '2024-07-29 10:22:28', 1000000, '2024-07-29 10:22:28');
INSERT INTO `lda_group_resources` VALUES (1817747500164079618, 1816760197711024129, 1, 1000000, '2024-07-29 10:22:28', 1000000, '2024-07-29 10:22:28');
INSERT INTO `lda_group_resources` VALUES (1817747500302491649, 1816760389222944770, 1, 1000000, '2024-07-29 10:22:28', 1000000, '2024-07-29 10:22:28');
INSERT INTO `lda_group_resources` VALUES (1817747500357017602, 1816760527161020417, 1, 1000000, '2024-07-29 10:22:28', 1000000, '2024-07-29 10:22:28');
INSERT INTO `lda_group_resources` VALUES (1817747500424126465, 1816760606680829953, 1, 1000000, '2024-07-29 10:22:28', 1000000, '2024-07-29 10:22:28');
INSERT INTO `lda_group_resources` VALUES (1817747500549955585, 1816760684153819138, 1, 1000000, '2024-07-29 10:22:28', 1000000, '2024-07-29 10:22:28');
INSERT INTO `lda_group_resources` VALUES (1817747500617064450, 1816760789086916610, 1, 1000000, '2024-07-29 10:22:28', 1000000, '2024-07-29 10:22:28');
INSERT INTO `lda_group_resources` VALUES (1817747500679979010, 1814230125654437889, 1, 1000000, '2024-07-29 10:22:28', 1000000, '2024-07-29 10:22:28');
INSERT INTO `lda_group_resources` VALUES (1817747500747087873, 1814230214892449793, 1, 1000000, '2024-07-29 10:22:28', 1000000, '2024-07-29 10:22:28');
INSERT INTO `lda_group_resources` VALUES (1817747500877111298, 1814230282567544833, 1, 1000000, '2024-07-29 10:22:28', 1000000, '2024-07-29 10:22:28');
INSERT INTO `lda_group_resources` VALUES (1817747500940025858, 1814230345310138370, 1, 1000000, '2024-07-29 10:22:28', 1000000, '2024-07-29 10:22:28');
INSERT INTO `lda_group_resources` VALUES (1817747501002940417, 1810881307797004290, 1, 1000000, '2024-07-29 10:22:28', 1000000, '2024-07-29 10:22:28');
INSERT INTO `lda_group_resources` VALUES (1817747501070049282, 1816764984359800834, 1, 1000000, '2024-07-29 10:22:28', 1000000, '2024-07-29 10:22:28');
INSERT INTO `lda_group_resources` VALUES (1817747501153935362, 1816765066043871234, 1, 1000000, '2024-07-29 10:22:28', 1000000, '2024-07-29 10:22:28');
INSERT INTO `lda_group_resources` VALUES (1817747501200072706, 1816765172969263106, 1, 1000000, '2024-07-29 10:22:28', 1000000, '2024-07-29 10:22:28');
INSERT INTO `lda_group_resources` VALUES (1817747501267181569, 1816765290355249153, 1, 1000000, '2024-07-29 10:22:28', 1000000, '2024-07-29 10:22:28');
INSERT INTO `lda_group_resources` VALUES (1817747501401399298, 1816765521482371074, 1, 1000000, '2024-07-29 10:22:28', 1000000, '2024-07-29 10:22:28');
INSERT INTO `lda_group_resources` VALUES (1817747501468508162, 1816765603216773122, 1, 1000000, '2024-07-29 10:22:28', 1000000, '2024-07-29 10:22:28');
INSERT INTO `lda_group_resources` VALUES (1817747501560782850, 1816765721823301633, 1, 1000000, '2024-07-29 10:22:28', 1000000, '2024-07-29 10:22:28');
INSERT INTO `lda_group_resources` VALUES (1817747501598531585, 1814229587219050498, 1, 1000000, '2024-07-29 10:22:28', 1000000, '2024-07-29 10:22:28');
INSERT INTO `lda_group_resources` VALUES (1817747501665640450, 1814229657872101378, 1, 1000000, '2024-07-29 10:22:28', 1000000, '2024-07-29 10:22:28');
INSERT INTO `lda_group_resources` VALUES (1817747501728555009, 1814229711374643201, 1, 1000000, '2024-07-29 10:22:28', 1000000, '2024-07-29 10:22:28');
INSERT INTO `lda_group_resources` VALUES (1817747501858578434, 1810881898589888514, 1, 1000000, '2024-07-29 10:22:28', 1000000, '2024-07-29 10:22:28');
INSERT INTO `lda_group_resources` VALUES (1817747501921492994, 1816766551402151937, 1, 1000000, '2024-07-29 10:22:28', 1000000, '2024-07-29 10:22:28');
INSERT INTO `lda_group_resources` VALUES (1817747502051516418, 1816766666728734722, 1, 1000000, '2024-07-29 10:22:28', 1000000, '2024-07-29 10:22:28');
INSERT INTO `lda_group_resources` VALUES (1817747502114430977, 1816766770785222657, 1, 1000000, '2024-07-29 10:22:28', 1000000, '2024-07-29 10:22:28');
INSERT INTO `lda_group_resources` VALUES (1817747502181539841, 1816766886229245954, 1, 1000000, '2024-07-29 10:22:28', 1000000, '2024-07-29 10:22:28');
INSERT INTO `lda_group_resources` VALUES (1817747502244454402, 1816767010334507010, 1, 1000000, '2024-07-29 10:22:28', 1000000, '2024-07-29 10:22:28');
INSERT INTO `lda_group_resources` VALUES (1817747502311563265, 1816767083969708034, 1, 1000000, '2024-07-29 10:22:28', 1000000, '2024-07-29 10:22:28');
INSERT INTO `lda_group_resources` VALUES (1817747502441586690, 1816767522979102722, 1, 1000000, '2024-07-29 10:22:28', 1000000, '2024-07-29 10:22:28');
INSERT INTO `lda_group_resources` VALUES (1817747502504501250, 1816767783302774786, 1, 1000000, '2024-07-29 10:22:28', 1000000, '2024-07-29 10:22:28');
INSERT INTO `lda_group_resources` VALUES (1817747502567415810, 1814231862510166017, 1, 1000000, '2024-07-29 10:22:28', 1000000, '2024-07-29 10:22:28');
INSERT INTO `lda_group_resources` VALUES (1817747502634524674, 1814232072678350850, 1, 1000000, '2024-07-29 10:22:28', 1000000, '2024-07-29 10:22:28');
INSERT INTO `lda_group_resources` VALUES (1817747502697439233, 1814232155272585217, 1, 1000000, '2024-07-29 10:22:28', 1000000, '2024-07-29 10:22:28');
INSERT INTO `lda_group_resources` VALUES (1817747502764548097, 1814232241729773570, 1, 1000000, '2024-07-29 10:22:28', 1000000, '2024-07-29 10:22:28');
INSERT INTO `lda_group_resources` VALUES (1817747502890377217, 1814232321643847681, 1, 1000000, '2024-07-29 10:22:28', 1000000, '2024-07-29 10:22:28');
INSERT INTO `lda_group_resources` VALUES (1817747502953291777, 1810882843059068930, 1, 1000000, '2024-07-29 10:22:28', 1000000, '2024-07-29 10:22:28');
INSERT INTO `lda_group_resources` VALUES (1817747503016206337, 1816768026140393474, 1, 1000000, '2024-07-29 10:22:28', 1000000, '2024-07-29 10:22:28');
INSERT INTO `lda_group_resources` VALUES (1817747503079120898, 1816768129303494657, 1, 1000000, '2024-07-29 10:22:28', 1000000, '2024-07-29 10:22:28');
INSERT INTO `lda_group_resources` VALUES (1817747503209144322, 1816768254042095618, 1, 1000000, '2024-07-29 10:22:28', 1000000, '2024-07-29 10:22:28');


-- ----------------------------
-- Records of lda_policy_login
-- ----------------------------
INSERT INTO `lda_policy_login` VALUES (1, 18000, 1800, 1, 6, 30, NULL, '2024-07-11 07:07:21', 1000000, '2024-07-29 11:04:01');


-- ----------------------------
-- Records of lda_policy_password
-- ----------------------------
INSERT INTO `lda_policy_password` VALUES (1, 8, 20, 180, 1, 1, 1, NULL, '2024-07-11 07:07:38', 2000000, '2024-07-26 16:52:32');

-- -----------------
-- ----------------------------
-- Records of lda_resources
-- ----------------------------
INSERT INTO `lda_resources` VALUES (1808765872981061633, '组织管理', 'dept', 1812654497805107201, '', '', '', 'menu', 'dept', 'identity/dept/index', '', 0, 0, 1, 100, 'read', 'GET', '', 1, 0, '', 0, '2024-07-04 07:32:44', 1000000, '2024-07-24 11:24:40');
INSERT INTO `lda_resources` VALUES (1808765912441073666, '用户管理', 'Users', 1812654497805107201, '', '', '', 'menu', 'users', 'identity/users/index', '', 0, 0, 1, 101, 'read', 'GET', '', 1, 0, '', 0, '2024-07-04 07:32:53', 1000000, '2024-07-24 11:24:52');
INSERT INTO `lda_resources` VALUES (1808765934406643714, '用户组', 'group', 1812654497805107201, '', '', '', 'menu', 'group', 'identity/group/index', '', 0, 0, 1, 102, 'read', 'GET', '', 1, 0, '', 0, '2024-07-04 07:32:59', 1000000, '2024-07-24 11:24:57');
INSERT INTO `lda_resources` VALUES (1808765998625632257, '菜单管理', 'Config-Menu', 1810880840509595650, '', '', '', 'menu', 'menu', 'config/menu/index', '', 0, 0, 1, 600, 'read', 'GET', '', 1, 0, '', 0, '2024-07-04 07:33:14', 1000000, '2024-07-24 11:27:08');
INSERT INTO `lda_resources` VALUES (1808768903294414849, '新增', 'group:add', 1808765934406643714, '', '', '', 'button', 'group:add', '', '', 0, 0, 1, 2, 'read', 'GET', '', 1, 0, '', 0, '2024-07-04 07:44:46', 1000000, '2024-07-26 18:28:33');
INSERT INTO `lda_resources` VALUES (1808768971984531458, '编辑', 'group:edit', 1808765934406643714, '', '', '', 'button', 'group:edit', '', '', 0, 0, 1, 2, 'read', 'GET', '', 1, 0, '', 0, '2024-07-04 07:45:03', 1000000, '2024-07-26 18:28:41');
INSERT INTO `lda_resources` VALUES (1808769052536139778, '删除', 'group:delete', 1808765934406643714, '', '', '', 'button', 'group:delete', '', '', 0, 0, 1, 3, 'read', 'GET', '', 1, 0, '', 0, '2024-07-04 07:45:22', 1000000, '2024-07-26 18:28:46');
INSERT INTO `lda_resources` VALUES (1808769105350815746, '菜单权限', 'group:auth:resource', 1808765934406643714, '', '', '', 'button', 'group:auth:resource', '', '', 0, 0, 1, 4, 'read', 'GET', '', 1, 0, '', 0, '2024-07-04 07:45:35', 1000000, '2024-07-22 14:55:57');
INSERT INTO `lda_resources` VALUES (1808769148950605826, '成员管理', 'group:auth:user', 1808765934406643714, '', '', '', 'button', 'group:auth:user', '', '', 0, 0, 1, 5, 'read', 'GET', '', 1, 0, '', 0, '2024-07-04 07:45:45', 1000000, '2024-07-26 18:28:51');
INSERT INTO `lda_resources` VALUES (1808769189979287554, '新增', 'menu:add', 1808765998625632257, '', '', '', 'button', 'menu:add', '', '', 0, 0, 1, 2, 'read', 'GET', '', 1, 0, '', 0, '2024-07-04 07:45:55', 1000000, '2024-07-26 18:45:37');
INSERT INTO `lda_resources` VALUES (1808769212397842433, '编辑', 'menu:edit', 1808765998625632257, '', '', '', 'button', 'menu:edit', '', '', 0, 0, 1, 2, 'read', 'GET', '', 1, 0, '', 0, '2024-07-04 07:46:00', 1000000, '2024-07-26 18:45:43');
INSERT INTO `lda_resources` VALUES (1808769236187934722, '删除', 'menu:delete', 1808765998625632257, '', '', '', 'button', 'menu:delete', '', '', 0, 0, 1, 3, 'read', 'GET', '', 1, 0, '', 0, '2024-07-04 07:46:06', 1000000, '2024-07-26 18:45:48');
INSERT INTO `lda_resources` VALUES (1808769410784227329, '新增', 'dept:add', 1808765872981061633, '', '', '', 'button', 'dept:add', '', '', 0, 0, 1, 2, 'read', 'GET', '', 1, 0, '', 0, '2024-07-04 07:46:47', 1000000, '2024-07-26 17:53:54');
INSERT INTO `lda_resources` VALUES (1808769434662400001, '编辑', 'dept:edit', 1808765872981061633, '', '', '', 'button', 'dept:edit', '', '', 0, 0, 1, 2, 'read', 'GET', '', 1, 0, '', 0, '2024-07-04 07:46:53', 1000000, '2024-07-26 17:54:06');
INSERT INTO `lda_resources` VALUES (1808769460704833537, '删除', 'dept:delete', 1808765872981061633, '', '', '', 'button', 'dept:delete', '', '', 0, 0, 1, 3, 'read', 'GET', '', 1, 0, '', 0, '2024-07-04 07:46:59', 1000000, '2024-07-26 17:54:15');
INSERT INTO `lda_resources` VALUES (1808769505290285058, '新增', 'user:add', 1808765912441073666, '', '', '', 'button', 'user:add', '', '', 0, 0, 1, 2, 'read', 'GET', '', 1, 0, '', 0, '2024-07-04 07:47:10', 1000000, '2024-07-26 18:12:40');
INSERT INTO `lda_resources` VALUES (1808769531177529345, '编辑', 'user:edit', 1808765912441073666, '', '', '', 'button', 'user:edit', '', '', 0, 0, 1, 2, 'read', 'GET', '', 1, 0, '', 0, '2024-07-04 07:47:16', 1000000, '2024-07-26 18:12:45');
INSERT INTO `lda_resources` VALUES (1808769553969377281, '删除', 'user:delete', 1808765912441073666, '', '', '', 'button', 'user:delete', '', '', 0, 0, 1, 3, 'read', 'GET', '', 1, 0, '', 0, '2024-07-04 07:47:22', 1000000, '2024-07-26 18:12:50');
INSERT INTO `lda_resources` VALUES (1808793831448182786, '添加成员', 'group:auth:user:add', 1808769148950605826, '', '', '', 'button', 'group:auth:user:add', '', '', 0, 0, 1, 10, 'read', 'GET', '', 1, 0, '', 0, '2024-07-04 09:23:50', 1000000, '2024-07-26 18:28:55');
INSERT INTO `lda_resources` VALUES (1808793861919801345, '移除成员', 'group:auth:user:delete', 1808769148950605826, '', '', '', 'button', 'group:auth:user:delete', '', '', 0, 0, 1, 10, 'read', 'GET', '', 1, 0, '', 0, '2024-07-04 09:23:57', 1000000, '2024-07-26 18:28:59');
INSERT INTO `lda_resources` VALUES (1809132336665772034, '同步中心', 'Sync', 1, '', '', '', 'menu', 'sync', 'sync/index', '', 0, 0, 1, 4, 'read', 'GET', 'redis', 1, 0, '', 0, '2024-07-05 07:48:56', 1000000, '2024-07-24 11:24:12');
INSERT INTO `lda_resources` VALUES (1810598352489156609, '应用管理', 'apps', 1, '', '', '', 'menu', 'apps', 'apps', '', 0, 0, 1, 2, 'read', 'GET', 'list', 1, 0, '', 1000000, '2024-07-09 08:54:21', 1000000, '2024-07-24 11:24:05');
INSERT INTO `lda_resources` VALUES (1810880840509595650, '系统配置', 'Config', 1, '', '', '', 'menu', 'config', 'config/index', '', 0, 0, 1, 6, 'read', 'GET', 'system', 1, 0, '', 1000000, '2024-07-10 03:36:52', 1000000, '2024-07-24 11:27:45');
INSERT INTO `lda_resources` VALUES (1810881307797004290, '第三方认证', 'Config-Socials-Provider', 1810880840509595650, '', '', '', 'menu', 'socials-provider', 'config/socials-provider/index', '', 0, 0, 1, 603, 'read', 'GET', '', 1, 0, '', 1000000, '2024-07-10 03:38:43', 1000000, '2024-07-24 11:26:53');
INSERT INTO `lda_resources` VALUES (1810881898589888514, '短信配置', 'Config-Sms-Provider', 1810880840509595650, '', '', '', 'menu', 'sms-provider', 'config/sms-provider/index', '', 0, 0, 1, 604, 'read', 'GET', '', 1, 0, '', 1000000, '2024-07-10 03:41:04', 1000000, '2024-07-24 11:26:46');
INSERT INTO `lda_resources` VALUES (1810882543493488641, '策略管理', 'Config-Policy-Provider', 1810880840509595650, '', '', '', 'menu', 'policy-provider', 'config/policy-provider/index', '', 0, 0, 1, 601, 'read', 'GET', '', 1, 0, '', 1000000, '2024-07-10 03:43:38', 1000000, '2024-07-24 11:27:03');
INSERT INTO `lda_resources` VALUES (1810882843059068930, '系统信息', 'Config-System-Provider', 1810880840509595650, '', '', '', 'menu', 'system-provider', 'config/system-provider/index', '', 0, 0, 1, 605, 'read', 'GET', '', 1, 0, '', 1000000, '2024-07-10 03:44:49', 1000000, '2024-07-24 11:26:40');
INSERT INTO `lda_resources` VALUES (1811596497960439810, '应用列表', 'apps-list', 1810598352489156609, '', '', '', 'menu', 'list', 'apps/index', '', 0, 0, 1, 200, 'read', 'GET', '', 1, 0, '', 1000000, '2024-07-12 11:00:38', 1000000, '2024-07-24 11:25:50');
INSERT INTO `lda_resources` VALUES (1811596763044646914, '新增应用', 'apps-add', 1810598352489156609, '', '', '', 'menu', 'add', 'apps/add/index', '', 0, 0, 1, 201, 'read', 'GET', '', 1, 0, '', 1000000, '2024-07-12 11:01:41', 1000000, '2024-07-24 11:25:56');
INSERT INTO `lda_resources` VALUES (1812654497805107201, '身份管理', 'Identity', 1, '', '', '', 'menu', 'identity', 'system/identity', '', 0, 0, 1, 1, 'read', 'GET', 'monitor', 1, 0, '', 1000000, '2024-07-15 09:04:44', 1000000, '2024-07-24 11:31:21');
INSERT INTO `lda_resources` VALUES (1812655380353777665, 'LDAP数据源', 'ldap-provider', 1810880840509595650, '', '', '', 'menu', 'ldap-provider', 'config/ldap-provider/index', '', 0, 0, 1, 602, 'read', 'GET', '', 1, 0, '', 1000000, '2024-07-15 09:08:15', 1000000, '2024-07-24 11:26:58');
INSERT INTO `lda_resources` VALUES (1812658783581827074, '访问控制', 'Permissions', 1, '', '', '', 'menu', 'permissions', 'system/permissions/index', '', 0, 0, 1, 3, 'read', 'GET', 'swagger', 1, 0, '', 1000000, '2024-07-15 09:21:46', 1000000, '2024-07-24 11:24:09');
INSERT INTO `lda_resources` VALUES (1812659324441522177, '应用授权', 'Access', 1812658783581827074, '', '', '', 'menu', 'access', 'permissions/access/index', '', 0, 0, 1, 300, 'read', 'GET', '', 1, 0, '', 1000000, '2024-07-15 09:23:55', 1000000, '2024-07-24 11:25:44');
INSERT INTO `lda_resources` VALUES (1814229587219050498, '新增', 'socials-provider:add', 1810881307797004290, '', '', '', 'button', 'socials-provider:add', '', '', 0, 0, 1, 2, 'read', 'GET', '', 1, 0, '', 1000000, '2024-07-19 17:23:35', 1000000, '2024-07-26 17:18:46');
INSERT INTO `lda_resources` VALUES (1814229657872101378, '修改', 'socials-provider:edit', 1810881307797004290, '', '', '', 'button', 'socials-provider:edit', '', '', 0, 0, 1, 10, 'read', 'GET', '', 1, 0, '', 1000000, '2024-07-19 17:23:52', NULL, '2024-07-19 17:23:52');
INSERT INTO `lda_resources` VALUES (1814229711374643201, '删除', 'socials-provider:delete', 1810881307797004290, '', '', '', 'button', 'socials-provider:delete', '', '', 0, 0, 1, 10, 'read', 'GET', '', 1, 0, '', 1000000, '2024-07-19 17:24:05', NULL, '2024-07-19 17:24:05');
INSERT INTO `lda_resources` VALUES (1814230125654437889, '提交', 'ldap-provider:save', 1812655380353777665, '', '', '', 'button', 'ldap-provider:save', '', '', 0, 0, 1, 10, 'read', 'GET', '', 1, 0, '', 1000000, '2024-07-19 17:25:43', NULL, '2024-07-19 17:25:43');
INSERT INTO `lda_resources` VALUES (1814230214892449793, '立即同步', 'ldap-provider:sync', 1812655380353777665, '', '', '', 'button', 'ldap-provider:sync', '', '', 0, 0, 1, 10, 'read', 'GET', '', 1, 0, '', 1000000, '2024-07-19 17:26:05', NULL, '2024-07-19 17:26:05');
INSERT INTO `lda_resources` VALUES (1814230282567544833, '测试配置', 'ldap-provider:testlink', 1812655380353777665, '', '', '', 'button', 'ldap-provider:testlink', '', '', 0, 0, 1, 10, 'read', 'GET', '', 1, 0, '', 1000000, '2024-07-19 17:26:21', NULL, '2024-07-19 17:26:21');
INSERT INTO `lda_resources` VALUES (1814230345310138370, '同步记录', 'ldap-provider:logs', 1812655380353777665, '', '', '', 'button', 'ldap-provider:logs', '', '', 0, 0, 1, 10, 'read', 'GET', '', 1, 0, '', 1000000, '2024-07-19 17:26:36', NULL, '2024-07-19 17:26:36');
INSERT INTO `lda_resources` VALUES (1814230484278648833, '禁用', 'user:disable', 1808765912441073666, '', '', '', 'button', 'user:disable', '', '', 0, 0, 1, 4, 'read', 'GET', '', 1, 0, '', 1000000, '2024-07-19 17:27:09', 1000000, '2024-07-19 17:29:59');
INSERT INTO `lda_resources` VALUES (1814230576990908417, '提交', 'policy-provider:save', 1810882543493488641, '', '', '', 'button', 'policy-provider:save', '', '', 0, 0, 1, 10, 'read', 'GET', '', 1, 0, '', 1000000, '2024-07-19 17:27:31', NULL, '2024-07-19 17:27:31');
INSERT INTO `lda_resources` VALUES (1814230795365982210, '启用', 'user:active', 1808765912441073666, '', '', '', 'button', 'user:active', '', '', 0, 0, 1, 5, 'read', 'GET', '', 1, 0, '', 1000000, '2024-07-19 17:28:23', 1000000, '2024-07-19 17:30:03');
INSERT INTO `lda_resources` VALUES (1814230953094148098, '新增授权', 'permissions:access:auth', 1812659324441522177, '', '', '', 'button', 'permissions:access:auth', '', '', 0, 0, 1, 10, 'read', 'GET', '', 1, 0, '', 1000000, '2024-07-19 17:29:01', NULL, '2024-07-19 17:29:01');
INSERT INTO `lda_resources` VALUES (1814231007882977282, '重置密码', 'user:resetPwd', 1808765912441073666, '', '', '', 'button', 'user:resetPwd', '', '', 0, 0, 1, 6, 'read', 'GET', '', 1, 0, '', 1000000, '2024-07-19 17:29:14', 1000000, '2024-07-19 17:30:06');
INSERT INTO `lda_resources` VALUES (1814231017166336002, '取消授权', 'permissions:access:delete', 1812659324441522177, '', '', '', 'button', 'permissions:access:delete', '', '', 0, 0, 1, 10, 'read', 'GET', '', 1, 0, '', 1000000, '2024-07-19 17:29:16', 1000000, '2024-07-19 17:29:20');
INSERT INTO `lda_resources` VALUES (1814231303374446593, '新增', 'appAdd:add', 1811596763044646914, '', '', '', 'button', 'appAdd', '', '', 0, 0, 1, 10, 'read', 'GET', '', 1, 0, '', 1000000, '2024-07-19 17:30:24', 1000000, '2024-07-19 17:30:49');
INSERT INTO `lda_resources` VALUES (1814231354722557954, '禁用', 'dept:disable', 1808765872981061633, '', '', '', 'button', 'dept:disable', '', '', 0, 0, 1, 4, 'read', 'GET', '', 1, 0, '', 1000000, '2024-07-19 17:30:36', NULL, '2024-07-19 17:30:36');
INSERT INTO `lda_resources` VALUES (1814231472892878850, '启用', 'dept:active', 1808765872981061633, '', '', '', 'button', 'dept:active', '', '', 0, 0, 1, 5, 'read', 'GET', '', 1, 0, '', 1000000, '2024-07-19 17:31:05', NULL, '2024-07-19 17:31:05');
INSERT INTO `lda_resources` VALUES (1814231828929126401, '编辑', 'apps:edit', 1811596497960439810, '', '', '', 'button', 'apps', '', '', 0, 0, 1, 10, 'read', 'GET', '', 1, 0, '', 1000000, '2024-07-19 17:32:29', NULL, '2024-07-19 17:32:29');
INSERT INTO `lda_resources` VALUES (1814231862510166017, '新增', 'sms:add', 1810881898589888514, '', '', '', 'button', 'sms:add', '', '', 0, 0, 1, 2, 'read', 'GET', '', 1, 0, '', 1000000, '2024-07-19 17:32:37', 1000000, '2024-07-26 17:25:07');
INSERT INTO `lda_resources` VALUES (1814231909673672706, '删除', 'apps:delete', 1811596497960439810, '', '', '', 'button', 'apps', '', '', 0, 0, 1, 10, 'read', 'GET', '', 1, 0, '', 1000000, '2024-07-19 17:32:49', NULL, '2024-07-19 17:32:49');
INSERT INTO `lda_resources` VALUES (1814232072678350850, '编辑', 'sms:edit', 1810881898589888514, '', '', '', 'button', 'sms:edit', '', '', 0, 0, 1, 2, 'read', 'GET', '', 1, 0, '', 1000000, '2024-07-19 17:33:28', NULL, '2024-07-19 17:33:28');
INSERT INTO `lda_resources` VALUES (1814232155272585217, '删除', 'sms:delete', 1810881898589888514, '', '', '', 'button', 'sms:delete', '', '', 0, 0, 1, 3, 'read', 'GET', '', 1, 0, '', 1000000, '2024-07-19 17:33:47', NULL, '2024-07-19 17:33:47');
INSERT INTO `lda_resources` VALUES (1814232241729773570, '禁用', 'sms:disable', 1810881898589888514, '', '', '', 'button', 'sms:disable', '', '', 0, 0, 1, 4, 'read', 'GET', '', 1, 0, '', 1000000, '2024-07-19 17:34:08', 1000000, '2024-07-19 17:34:13');
INSERT INTO `lda_resources` VALUES (1814232321643847681, '启用', 'sms:active', 1810881898589888514, '', '', '', 'button', 'sms:active', '', '', 0, 0, 1, 5, 'read', 'GET', '', 1, 0, '', 1000000, '2024-07-19 17:34:27', NULL, '2024-07-19 17:34:27');
INSERT INTO `lda_resources` VALUES (1815640957149118465, '日志审计', 'audit', 1, '', '', '', 'menu', 'audit', 'audit', '', 0, 0, 1, 5, 'read', 'GET', 'documentation', 1, 0, '', 1000000, '2024-07-23 14:51:52', 1000000, '2024-07-24 11:24:16');
INSERT INTO `lda_resources` VALUES (1815641204504002561, '登录日志', 'Login-Log', 1815640957149118465, '', '', '', 'menu', 'login', 'audit/login/index', '', 0, 0, 1, 500, 'read', 'GET', '', 1, 0, '', 1000000, '2024-07-23 14:52:51', 1000000, '2024-07-24 11:26:12');
INSERT INTO `lda_resources` VALUES (1815660030042042369, '应用访问日志', 'App-Login', 1815640957149118465, '', '', '', 'menu', 'app-login', 'audit/app-login/index', '', 0, 0, 1, 501, 'read', 'GET', '', 1, 0, '', 1000000, '2024-07-23 16:07:39', 1000000, '2024-07-24 11:26:17');
INSERT INTO `lda_resources` VALUES (1816741046900658177, '查看列表', '/users/fetch', 1816741429765115905, '', '', '', 'api', '/users/fetch', '', '', 0, 0, 1, 1, 'read', 'GET', '', 1, 0, '', 1000000, '2024-07-26 15:43:14', 1000000, '2024-07-26 18:13:36');
INSERT INTO `lda_resources` VALUES (1816741429765115905, 'API权限', 'apis', 1808765912441073666, '', '', '', 'directory', 'apis', '', '', 0, 0, 1, 1, 'read', 'GET', '', 1, 0, '', 1000000, '2024-07-26 15:44:45', 1000000, '2024-07-26 18:44:10');
INSERT INTO `lda_resources` VALUES (1816747178230718466, 'API权限', 'API权限', 1808765998625632257, '', '', '', 'directory', 'API权限', '', '', 0, 0, 1, 1, 'read', 'GET', '', 1, 0, '', 1000000, '2024-07-26 16:07:35', NULL, '2024-07-26 16:07:35');
INSERT INTO `lda_resources` VALUES (1816747840138027009, '查询菜单列表', '/resources/fetch', 1816747178230718466, '', '', '', 'api', '/resources/fetch', '', '', 0, 0, 1, 1, 'read', 'GET', '', 1, 0, '', 1000000, '2024-07-26 16:10:13', 1000000, '2024-07-26 16:42:05');
INSERT INTO `lda_resources` VALUES (1816755423779483649, '菜单新增', '/resources/add', 1816747178230718466, '', '', '', 'api', '/resources/add', '', '', 0, 0, 1, 2, 'read', 'GET', '', 1, 0, '', 1000000, '2024-07-26 16:40:21', 1000000, '2024-07-26 16:41:44');
INSERT INTO `lda_resources` VALUES (1816756056385384450, '菜单编辑', '/resources/edit', 1816747178230718466, '', '', '', 'api', '/resources/edit', '', '', 0, 0, 1, 3, 'read', 'GET', '', 1, 0, '', 1000000, '2024-07-26 16:42:52', NULL, '2024-07-26 16:42:52');
INSERT INTO `lda_resources` VALUES (1816756277907550209, '菜单删除', '/resources/delete/**', 1816747178230718466, '', '', '', 'api', '/resources/delete/**', '', '', 0, 0, 1, 4, 'read', 'GET', '', 1, 0, '', 1000000, '2024-07-26 16:43:45', 1000000, '2024-07-26 16:44:13');
INSERT INTO `lda_resources` VALUES (1816756516517310466, '查询菜单详情', '/resources/get/**', 1816747178230718466, '', '', '', 'api', '/resources/get/**', '', '', 0, 0, 1, 5, 'read', 'GET', '', 1, 0, '', 1000000, '2024-07-26 16:44:42', NULL, '2024-07-26 16:44:42');
INSERT INTO `lda_resources` VALUES (1816756706213097474, '查询菜单树', '/resources/systemTree', 1816747178230718466, '', '', '', 'api', '/resources/systemTree', '', '', 0, 0, 1, 10, 'read', 'GET', '', 1, 0, '', 1000000, '2024-07-26 16:45:27', NULL, '2024-07-26 16:45:27');
INSERT INTO `lda_resources` VALUES (1816757670907146242, 'API权限', 'apis', 1810882543493488641, '', '', '', 'directory', 'apis', '', '', 0, 0, 1, 1, 'read', 'GET', '', 1, 0, '', 1000000, '2024-07-26 16:49:17', NULL, '2024-07-26 16:49:17');
INSERT INTO `lda_resources` VALUES (1816757864356835330, '查看密码策略', '/policy/password', 1816757670907146242, '', '', '', 'api', '/policy/password', '', '', 0, 0, 1, 2, 'read', 'GET', '', 1, 0, '', 1000000, '2024-07-26 16:50:03', 1000000, '2024-07-26 16:50:50');
INSERT INTO `lda_resources` VALUES (1816757995839877121, '查看登录策略', '/policy/login', 1816757670907146242, '', '', '', 'api', '/policy/login', '', '', 0, 0, 1, 1, 'read', 'GET', '', 1, 0, '', 1000000, '2024-07-26 16:50:35', 1000000, '2024-07-26 16:50:46');
INSERT INTO `lda_resources` VALUES (1816758200769376258, '保存密码策略', '/policy/save/password', 1816757670907146242, '', '', '', 'api', '/policy/save/password', '', '', 0, 0, 1, 3, 'read', 'GET', '', 1, 0, '', 1000000, '2024-07-26 16:51:23', NULL, '2024-07-26 16:51:23');
INSERT INTO `lda_resources` VALUES (1816758302535774209, '保存登录策略', '/policy/save/login', 1816757670907146242, '', '', '', 'api', '/policy/save/login', '', '', 0, 0, 1, 4, 'read', 'GET', '', 1, 0, '', 1000000, '2024-07-26 16:51:48', NULL, '2024-07-26 16:51:48');
INSERT INTO `lda_resources` VALUES (1816760197711024129, 'API权限', 'apis', 1812655380353777665, '', '', '', 'directory', 'apis', '', '', 0, 0, 1, 1, 'read', 'GET', '', 1, 0, '', 1000000, '2024-07-26 16:59:20', 1000000, '2024-07-26 16:59:30');
INSERT INTO `lda_resources` VALUES (1816760389222944770, '查看详情', '/synchronizers/get/**', 1816760197711024129, '', '', '', 'api', '/synchronizers/get/**', '', '', 0, 0, 1, 1, 'read', 'GET', '', 1, 0, '', 1000000, '2024-07-26 17:00:05', NULL, '2024-07-26 17:00:05');
INSERT INTO `lda_resources` VALUES (1816760527161020417, '修改配置', '/synchronizers/edit', 1816760197711024129, '', '', '', 'api', '/synchronizers/edit', '', '', 0, 0, 1, 2, 'read', 'GET', '', 1, 0, '', 1000000, '2024-07-26 17:00:38', NULL, '2024-07-26 17:00:38');
INSERT INTO `lda_resources` VALUES (1816760606680829953, '测试连接', '/synchronizers/test', 1816760197711024129, '', '', '', 'api', '/synchronizers/test', '', '', 0, 0, 1, 3, 'read', 'GET', '', 1, 0, '', 1000000, '2024-07-26 17:00:57', NULL, '2024-07-26 17:00:57');
INSERT INTO `lda_resources` VALUES (1816760684153819138, '立即同步', '/synchronizers/sync', 1816760197711024129, '', '', '', 'api', '/synchronizers/sync', '', '', 0, 0, 1, 4, 'read', 'GET', '', 1, 0, '', 1000000, '2024-07-26 17:01:16', 1000000, '2024-07-26 18:46:05');
INSERT INTO `lda_resources` VALUES (1816760789086916610, '同步日志', '/synchronizers/logs/fetch', 1816760197711024129, '', '', '', 'api', '/synchronizers/logs/fetch', '', '', 0, 0, 1, 5, 'read', 'GET', '', 1, 0, '', 1000000, '2024-07-26 17:01:41', NULL, '2024-07-26 17:01:41');
INSERT INTO `lda_resources` VALUES (1816760970792554498, 'API权限', 'apis', 1809132336665772034, '', '', '', 'directory', 'apis', '', '', 0, 0, 1, 1, 'read', 'GET', '', 1, 0, '', 1000000, '2024-07-26 17:02:24', 1000000, '2024-07-26 17:03:09');
INSERT INTO `lda_resources` VALUES (1816761131925131266, '提交', 'sync:submit', 1809132336665772034, '', '', '', 'button', 'sync:submit', '', '', 0, 0, 1, 2, 'read', 'GET', '', 1, 0, '', 1000000, '2024-07-26 17:03:02', 1000000, '2024-07-26 17:03:13');
INSERT INTO `lda_resources` VALUES (1816761301119160322, '立即同步', 'sync:sync', 1809132336665772034, '', '', '', 'button', 'sync:sync', '', '', 0, 0, 1, 3, 'read', 'GET', '', 1, 0, '', 1000000, '2024-07-26 17:03:43', NULL, '2024-07-26 17:03:43');
INSERT INTO `lda_resources` VALUES (1816761394794745858, '测试配置', 'sync:test', 1809132336665772034, '', '', '', 'button', 'sync:test', '', '', 0, 0, 1, 4, 'read', 'GET', '', 1, 0, '', 1000000, '2024-07-26 17:04:05', NULL, '2024-07-26 17:04:05');
INSERT INTO `lda_resources` VALUES (1816761504593235969, '同步记录', 'sync:logs', 1809132336665772034, '', '', '', 'button', 'sync:logs', '', '', 0, 0, 1, 5, 'read', 'GET', '', 1, 0, '', 1000000, '2024-07-26 17:04:31', NULL, '2024-07-26 17:04:31');
INSERT INTO `lda_resources` VALUES (1816763514394660866, '查询详情', '/synchronizers/get/**', 1816760970792554498, '', '', '', 'api', '/synchronizers/get/**', '', '', 0, 0, 1, 1, 'read', 'GET', '', 1, 0, '', 1000000, '2024-07-26 17:12:30', 1000000, '2024-07-26 17:13:05');
INSERT INTO `lda_resources` VALUES (1816763613006942209, '修改配置', '/synchronizers/edit', 1816760970792554498, '', '', '', 'api', '/synchronizers/edit', '', '', 0, 0, 1, 2, 'read', 'GET', '', 1, 0, '', 1000000, '2024-07-26 17:12:54', NULL, '2024-07-26 17:12:54');
INSERT INTO `lda_resources` VALUES (1816763745706332162, '测试连接', '/synchronizers/test', 1816760970792554498, '', '', '', 'api', '/synchronizers/test', '', '', 0, 0, 1, 3, 'read', 'GET', '', 1, 0, '', 1000000, '2024-07-26 17:13:25', NULL, '2024-07-26 17:13:25');
INSERT INTO `lda_resources` VALUES (1816763867160793089, '立即同步', '/synchronizers/sync/**', 1816760970792554498, '', '', '', 'api', '/synchronizers/sync/**', '', '', 0, 0, 1, 4, 'read', 'GET', '', 1, 0, '', 1000000, '2024-07-26 17:13:54', NULL, '2024-07-26 17:13:54');
INSERT INTO `lda_resources` VALUES (1816763945724301313, '同步记录', '/synchronizers/logs/fetch', 1816760970792554498, '', '', '', 'api', '/synchronizers/logs/fetch', '', '', 0, 0, 1, 5, 'read', 'GET', '', 1, 0, '', 1000000, '2024-07-26 17:14:13', 1000000, '2024-07-26 17:14:20');
INSERT INTO `lda_resources` VALUES (1816764984359800834, 'API权限', 'apis', 1810881307797004290, '', '', '', 'directory', 'apis', '', '', 0, 0, 1, 1, 'read', 'GET', '', 1, 0, '', 1000000, '2024-07-26 17:18:21', NULL, '2024-07-26 17:18:21');
INSERT INTO `lda_resources` VALUES (1816765066043871234, 'ID生成', '/socials-provider/generate', 1816764984359800834, '', '', '', 'api', '/socials-provider/generate', '', '', 0, 0, 1, 1, 'read', 'GET', '', 1, 0, '', 1000000, '2024-07-26 17:18:40', NULL, '2024-07-26 17:18:40');
INSERT INTO `lda_resources` VALUES (1816765172969263106, '查询列表', '/socials-provider/fetch', 1816764984359800834, '', '', '', 'api', '/socials-provider/fetch', '', '', 0, 0, 1, 2, 'read', 'GET', '', 1, 0, '', 1000000, '2024-07-26 17:19:06', NULL, '2024-07-26 17:19:06');
INSERT INTO `lda_resources` VALUES (1816765290355249153, '查询详情', '/socials-provider/get/**', 1816764984359800834, '', '', '', 'api', '/socials-provider/get/**', '', '', 0, 0, 1, 3, 'read', 'GET', '', 1, 0, '', 1000000, '2024-07-26 17:19:34', NULL, '2024-07-26 17:19:34');
INSERT INTO `lda_resources` VALUES (1816765521482371074, '新增', '/socials-provider/add', 1816764984359800834, '', '', '', 'api', '/socials-provider/add', '', '', 0, 0, 1, 4, 'read', 'GET', '', 1, 0, '', 1000000, '2024-07-26 17:20:29', NULL, '2024-07-26 17:20:29');
INSERT INTO `lda_resources` VALUES (1816765603216773122, '修改', '/socials-provider/edit', 1816764984359800834, '', '', '', 'api', '/socials-provider/edit', '', '', 0, 0, 1, 5, 'read', 'GET', '', 1, 0, '', 1000000, '2024-07-26 17:20:48', NULL, '2024-07-26 17:20:48');
INSERT INTO `lda_resources` VALUES (1816765721823301633, '删除', '/socials-provider/delete/**', 1816764984359800834, '', '', '', 'api', '/socials-provider/delete/**', '', '', 0, 0, 1, 6, 'read', 'GET', '', 1, 0, '', 1000000, '2024-07-26 17:21:17', NULL, '2024-07-26 17:21:17');
INSERT INTO `lda_resources` VALUES (1816766551402151937, 'API权限', 'apis', 1810881898589888514, '', '', '', 'directory', 'apis', '', '', 0, 0, 1, 1, 'read', 'GET', '', 1, 0, '', 1000000, '2024-07-26 17:24:34', 1000000, '2024-07-26 17:24:43');
INSERT INTO `lda_resources` VALUES (1816766666728734722, '新增', '/provider/add', 1816766551402151937, '', '', '', 'api', '/provider/add', '', '', 0, 0, 1, 1, 'read', 'GET', '', 1, 0, '', 1000000, '2024-07-26 17:25:02', NULL, '2024-07-26 17:25:02');
INSERT INTO `lda_resources` VALUES (1816766770785222657, '修改', '/provider/edit', 1816766551402151937, '', '', '', 'api', '/provider/edit', '', '', 0, 0, 1, 2, 'read', 'GET', '', 1, 0, '', 1000000, '2024-07-26 17:25:27', 1000000, '2024-07-26 17:25:36');
INSERT INTO `lda_resources` VALUES (1816766886229245954, '删除', '/provider/delete', 1816766551402151937, '', '', '', 'api', '/provider/delete', '', '', 0, 0, 1, 3, 'read', 'GET', '', 1, 0, '', 1000000, '2024-07-26 17:25:54', NULL, '2024-07-26 17:25:54');
INSERT INTO `lda_resources` VALUES (1816767010334507010, '禁用', '/provider/disable/**', 1816766551402151937, '', '', '', 'api', '/provider/disable/**', '', '', 0, 0, 1, 4, 'read', 'GET', '', 1, 0, '', 1000000, '2024-07-26 17:26:24', NULL, '2024-07-26 17:26:24');
INSERT INTO `lda_resources` VALUES (1816767083969708034, '启用', '/provider/active/**', 1816766551402151937, '', '', '', 'api', '/provider/active/**', '', '', 0, 0, 1, 5, 'read', 'GET', '', 1, 0, '', 1000000, '2024-07-26 17:26:41', NULL, '2024-07-26 17:26:41');
INSERT INTO `lda_resources` VALUES (1816767522979102722, '查看详情', '/provider/get/**', 1816766551402151937, '', '', '', 'api', '/provider/get/**', '', '', 0, 0, 1, 6, 'read', 'GET', '', 1, 0, '', 1000000, '2024-07-26 17:28:26', NULL, '2024-07-26 17:28:26');
INSERT INTO `lda_resources` VALUES (1816767783302774786, '查看列表', '/provider/list', 1816766551402151937, '', '', '', 'api', '/provider/list', '', '', 0, 0, 1, 7, 'read', 'GET', '', 1, 0, '', 1000000, '2024-07-26 17:29:28', NULL, '2024-07-26 17:29:28');
INSERT INTO `lda_resources` VALUES (1816768026140393474, 'API权限', 'apis', 1810882843059068930, '', '', '', 'directory', 'apis', '', '', 0, 0, 1, 1, 'read', 'GET', '', 1, 0, '', 1000000, '2024-07-26 17:30:26', NULL, '2024-07-26 17:30:26');
INSERT INTO `lda_resources` VALUES (1816768129303494657, '查看系统信息', '/systems/get', 1816768026140393474, '', '', '', 'api', '/systems/get', '', '', 0, 0, 1, 1, 'read', 'GET', '', 1, 0, '', 1000000, '2024-07-26 17:30:51', 1000000, '2024-07-26 17:31:01');
INSERT INTO `lda_resources` VALUES (1816768254042095618, '修改系统信息', '/systems/save', 1816768026140393474, '', '', '', 'api', '/systems/save', '', '', 0, 0, 1, 2, 'read', 'GET', '', 1, 0, '', 1000000, '2024-07-26 17:31:20', NULL, '2024-07-26 17:31:20');
INSERT INTO `lda_resources` VALUES (1816769707099996161, 'API权限', 'apis', 1815641204504002561, '', '', '', 'directory', 'apis', '', '', 0, 0, 1, 10, 'read', 'GET', '', 1, 0, '', 1000000, '2024-07-26 17:37:07', NULL, '2024-07-26 17:37:07');
INSERT INTO `lda_resources` VALUES (1816769837148585986, '查询列表', '/audit/login/list', 1816769707099996161, '', '', '', 'api', '/audit/login/list', '', '', 0, 0, 1, 1, 'read', 'GET', '', 1, 0, '', 1000000, '2024-07-26 17:37:38', NULL, '2024-07-26 17:37:38');
INSERT INTO `lda_resources` VALUES (1816769912121769986, 'API权限', 'apis', 1815660030042042369, '', '', '', 'directory', 'apis', '', '', 0, 0, 1, 1, 'read', 'GET', '', 1, 0, '', 1000000, '2024-07-26 17:37:56', NULL, '2024-07-26 17:37:56');
INSERT INTO `lda_resources` VALUES (1816770005109489666, '查询列表', '/audit/applogin/list', 1816769912121769986, '', '', '', 'api', '/audit/applogin/list', '', '', 0, 0, 1, 1, 'read', 'GET', '', 1, 0, '', 1000000, '2024-07-26 17:38:18', NULL, '2024-07-26 17:38:18');
INSERT INTO `lda_resources` VALUES (1816770935922016258, 'API权限', 'apis', 1812659324441522177, '', '', '', 'directory', 'apis', '', '', 0, 0, 1, 1, 'read', 'GET', '', 1, 0, '', 1000000, '2024-07-26 17:42:00', NULL, '2024-07-26 17:42:00');
INSERT INTO `lda_resources` VALUES (1816771212049825794, '查询授权列表', '/groups/apps/fetch', 1816770935922016258, '', '', '', 'api', '/groups/apps/fetch', '', '', 0, 0, 1, 1, 'read', 'GET', '', 1, 0, '', 1000000, '2024-07-26 17:43:06', NULL, '2024-07-26 17:43:06');
INSERT INTO `lda_resources` VALUES (1816771285064269826, '新增授权', '/groups/apps/auth', 1816770935922016258, '', '', '', 'api', '/groups/apps/auth', '', '', 0, 0, 1, 2, 'read', 'GET', '', 1, 0, '', 1000000, '2024-07-26 17:43:23', NULL, '2024-07-26 17:43:23');
INSERT INTO `lda_resources` VALUES (1816771377842274305, '取消授权', '/groups/apps/delete/**', 1816770935922016258, '', '', '', 'api', '/groups/apps/delete/**', '', '', 0, 0, 1, 3, 'read', 'GET', '', 1, 0, '', 1000000, '2024-07-26 17:43:45', NULL, '2024-07-26 17:43:45');
INSERT INTO `lda_resources` VALUES (1816771499795857409, '查询组', '/groups/all', 1816770935922016258, '', '', '', 'api', '/groups/all', '', '', 0, 0, 1, 4, 'read', 'GET', '', 1, 0, '', 1000000, '2024-07-26 17:44:14', NULL, '2024-07-26 17:44:14');
INSERT INTO `lda_resources` VALUES (1816771597497974785, '查询应用', '/apps/all', 1816770935922016258, '', '', '', 'api', '/apps/all', '', '', 0, 0, 1, 5, 'read', 'GET', '', 1, 0, '', 1000000, '2024-07-26 17:44:37', 1000000, '2024-07-26 17:45:34');
INSERT INTO `lda_resources` VALUES (1816772113342840834, 'API权限', 'apis', 1811596497960439810, '', '', '', 'directory', 'apis', '', '', 0, 0, 1, 1, 'read', 'GET', '', 1, 0, '', 1000000, '2024-07-26 17:46:40', NULL, '2024-07-26 17:46:40');
INSERT INTO `lda_resources` VALUES (1816772214291349505, '新增应用', '/apps/**/create', 1816772113342840834, '', '', '', 'api', '/apps/**/create', '', '', 0, 0, 1, 1, 'read', 'GET', '', 1, 0, '', 1000000, '2024-07-26 17:47:05', NULL, '2024-07-26 17:47:05');
INSERT INTO `lda_resources` VALUES (1816772322693136386, '修改应用', '/apps/**/update', 1816772113342840834, '', '', '', 'api', '/apps/**/update', '', '', 0, 0, 1, 2, 'read', 'GET', '', 1, 0, '', 1000000, '2024-07-26 17:47:30', NULL, '2024-07-26 17:47:30');
INSERT INTO `lda_resources` VALUES (1816772536514560002, '应用列表', '/apps/list', 1816772113342840834, '', '', '', 'api', '/apps/list', '', '', 0, 0, 1, 3, 'read', 'GET', '', 1, 0, '', 1000000, '2024-07-26 17:48:21', NULL, '2024-07-26 17:48:21');
INSERT INTO `lda_resources` VALUES (1816772781629685761, '删除应用', '/apps/delete/**', 1816772113342840834, '', '', '', 'api', '/apps/delete/**', '', '', 0, 0, 1, 4, 'read', 'GET', '', 1, 0, '', 1000000, '2024-07-26 17:49:20', NULL, '2024-07-26 17:49:20');
INSERT INTO `lda_resources` VALUES (1816772889792397313, '禁用应用', '/apps/disable/**', 1816772113342840834, '', '', '', 'api', '/apps/disable/**', '', '', 0, 0, 1, 5, 'read', 'GET', '', 1, 0, '', 1000000, '2024-07-26 17:49:46', NULL, '2024-07-26 17:49:46');
INSERT INTO `lda_resources` VALUES (1816772973464567809, '启用应用', '/apps/active/**', 1816772113342840834, '', '', '', 'api', '/apps/active/**', '', '', 0, 0, 1, 6, 'read', 'GET', '', 1, 0, '', 1000000, '2024-07-26 17:50:06', NULL, '2024-07-26 17:50:06');
INSERT INTO `lda_resources` VALUES (1816773093190975490, '查看详情', '/apps/appdetails/**', 1816772113342840834, '', '', '', 'api', '/apps/appdetails/**', '', '', 0, 0, 1, 7, 'read', 'GET', '', 1, 0, '', 1000000, '2024-07-26 17:50:34', NULL, '2024-07-26 17:50:34');
INSERT INTO `lda_resources` VALUES (1816773590547349505, '元数据解析', '/idp/saml20/metadata/fileTransform', 1816772113342840834, '', '', '', 'api', '/idp/saml20/metadata/fileTransform', '', '', 0, 0, 1, 8, 'read', 'GET', '', 1, 0, '', 1000000, '2024-07-26 17:52:33', NULL, '2024-07-26 17:52:33');
INSERT INTO `lda_resources` VALUES (1816773888338739202, 'API权限', 'apis', 1808765872981061633, '', '', '', 'directory', 'apis', '', '', 0, 0, 1, 1, 'read', 'GET', '', 1, 0, '', 1000000, '2024-07-26 17:53:44', NULL, '2024-07-26 17:53:44');
INSERT INTO `lda_resources` VALUES (1816774194606817282, '查询列表', '/organizations/fetch', 1816773888338739202, '', '', '', 'api', '/organizations/fetch', '', '', 0, 0, 1, 1, 'read', 'GET', '', 1, 0, '', 1000000, '2024-07-26 17:54:57', NULL, '2024-07-26 17:54:57');
INSERT INTO `lda_resources` VALUES (1816774385305042946, '查询详情', '/organizations/get/**', 1816773888338739202, '', '', '', 'api', '/organizations/get/**', '', '', 0, 0, 1, 2, 'read', 'GET', '', 1, 0, '', 1000000, '2024-07-26 17:55:42', 1000000, '2024-07-26 17:55:52');
INSERT INTO `lda_resources` VALUES (1816774498521890817, '新增', '/organizations/add', 1816773888338739202, '', '', '', 'api', '/organizations/add', '', '', 0, 0, 1, 3, 'read', 'GET', '', 1, 0, '', 1000000, '2024-07-26 17:56:09', NULL, '2024-07-26 17:56:09');
INSERT INTO `lda_resources` VALUES (1816774565228101634, '修改', '/organizations/edit', 1816773888338739202, '', '', '', 'api', '/organizations/edit', '', '', 0, 0, 1, 4, 'read', 'GET', '', 1, 0, '', 1000000, '2024-07-26 17:56:25', NULL, '2024-07-26 17:56:25');
INSERT INTO `lda_resources` VALUES (1816774670635155457, '删除', '/organizations/delete', 1816773888338739202, '', '', '', 'api', '/organizations/delete', '', '', 0, 0, 1, 5, 'read', 'GET', '', 1, 0, '', 1000000, '2024-07-26 17:56:50', 1000000, '2024-07-26 18:44:34');
INSERT INTO `lda_resources` VALUES (1816774739795034113, '启用', '/organizations/active', 1816773888338739202, '', '', '', 'api', '/organizations/active', '', '', 0, 0, 1, 6, 'read', 'GET', '', 1, 0, '', 1000000, '2024-07-26 17:57:07', NULL, '2024-07-26 17:57:07');
INSERT INTO `lda_resources` VALUES (1816774804831911938, '禁用', '/organizations/disable', 1816773888338739202, '', '', '', 'api', '/organizations/disable', '', '', 0, 0, 1, 7, 'read', 'GET', '', 1, 0, '', 1000000, '2024-07-26 17:57:22', NULL, '2024-07-26 17:57:22');
INSERT INTO `lda_resources` VALUES (1816774874167951361, '查询组织树', '/organizations/tree', 1816773888338739202, '', '', '', 'api', '/organizations/tree', '', '', 0, 0, 1, 8, 'read', 'GET', '', 1, 0, '', 1000000, '2024-07-26 17:57:39', NULL, '2024-07-26 17:57:39');
INSERT INTO `lda_resources` VALUES (1816779064021794818, '查看详情', '/users/get/**', 1816741429765115905, '', '', '', 'api', '/users/get/**', '', '', 0, 0, 1, 2, 'read', 'GET', '', 1, 0, '', 1000000, '2024-07-26 18:14:18', NULL, '2024-07-26 18:14:18');
INSERT INTO `lda_resources` VALUES (1816779136130269186, '新增', '/users/add', 1816741429765115905, '', '', '', 'api', '/users/add', '', '', 0, 0, 1, 3, 'read', 'GET', '', 1, 0, '', 1000000, '2024-07-26 18:14:35', NULL, '2024-07-26 18:14:35');
INSERT INTO `lda_resources` VALUES (1816779272134770690, '修改', '/users/edit', 1816741429765115905, '', '', '', 'api', '/users/edit', '', '', 0, 0, 1, 4, 'read', 'GET', '', 1, 0, '', 1000000, '2024-07-26 18:15:07', NULL, '2024-07-26 18:15:07');
INSERT INTO `lda_resources` VALUES (1816779344943693826, '删除', '/users/delete', 1808765912441073666, '', '', '', 'api', '/users/delete', '', '', 0, 0, 1, 5, 'read', 'GET', '', 1, 0, '', 1000000, '2024-07-26 18:15:25', NULL, '2024-07-26 18:15:25');
INSERT INTO `lda_resources` VALUES (1816779411431800834, '禁用', '/users/disable', 1816741429765115905, '', '', '', 'api', '/users/disable', '', '', 0, 0, 1, 5, 'read', 'GET', '', 1, 0, '', 1000000, '2024-07-26 18:15:40', NULL, '2024-07-26 18:15:40');
INSERT INTO `lda_resources` VALUES (1816779474900008962, '启用', '/users/active', 1816741429765115905, '', '', '', 'api', '/users/active', '', '', 0, 0, 1, 6, 'read', 'GET', '', 1, 0, '', 1000000, '2024-07-26 18:15:56', NULL, '2024-07-26 18:15:56');
INSERT INTO `lda_resources` VALUES (1816779976203223041, '重置用户密码', '/users/resetPwd/**', 1816741429765115905, '', '', '', 'api', '/users/resetPwd/**', '', '', 0, 0, 1, 7, 'read', 'GET', '', 1, 0, '', 1000000, '2024-07-26 18:17:55', NULL, '2024-07-26 18:17:55');
INSERT INTO `lda_resources` VALUES (1816780162405154817, '删除', '/users/delete', 1816741429765115905, '', '', '', 'api', '/users/delete', '', '', 0, 0, 1, 8, 'read', 'GET', '', 1, 0, '', 1000000, '2024-07-26 18:18:40', 1000000, '2024-07-26 18:44:19');
INSERT INTO `lda_resources` VALUES (1816780465569447938, '获取部门树', '/organizations/tree', 1816741429765115905, '', '', '', 'api', '/organizations/tree', '', '', 0, 0, 1, 9, 'read', 'GET', '', 1, 0, '', 1000000, '2024-07-26 18:19:52', NULL, '2024-07-26 18:19:52');
INSERT INTO `lda_resources` VALUES (1816780585069363201, '获取密码策略', '/policy/password', 1816741429765115905, '', '', '', 'api', '/policy/password', '', '', 0, 0, 1, 10, 'read', 'GET', '', 1, 0, '', 1000000, '2024-07-26 18:20:20', NULL, '2024-07-26 18:20:20');
INSERT INTO `lda_resources` VALUES (1816781599898001410, '上传头像', '/file/upload', 1816741429765115905, '', '', '', 'api', '/file/upload', '', '', 0, 0, 1, 11, 'read', 'GET', '', 1, 0, '', 1000000, '2024-07-26 18:24:22', NULL, '2024-07-26 18:24:22');
INSERT INTO `lda_resources` VALUES (1816782622280519682, 'API权限', 'apis', 1808765934406643714, '', '', '', 'directory', 'apis', '', '', 0, 0, 1, 1, 'read', 'GET', '', 1, 0, '', 1000000, '2024-07-26 18:28:26', NULL, '2024-07-26 18:28:26');
INSERT INTO `lda_resources` VALUES (1816782903957393409, '查询列表', '/groups/fetch', 1816782622280519682, '', '', '', 'api', '/groups/fetch', '', '', 0, 0, 1, 1, 'read', 'GET', '', 1, 0, '', 1000000, '2024-07-26 18:29:33', NULL, '2024-07-26 18:29:33');
INSERT INTO `lda_resources` VALUES (1816782996894781442, '查询详情', '/groups/get/**', 1816782622280519682, '', '', '', 'api', '/groups/get/**', '', '', 0, 0, 1, 2, 'read', 'GET', '', 1, 0, '', 1000000, '2024-07-26 18:29:55', NULL, '2024-07-26 18:29:55');
INSERT INTO `lda_resources` VALUES (1816783176352272385, '新增', '/groups/add', 1816782622280519682, '', '', '', 'api', '/groups/add', '', '', 0, 0, 1, 3, 'read', 'GET', '', 1, 0, '', 1000000, '2024-07-26 18:30:38', NULL, '2024-07-26 18:30:38');
INSERT INTO `lda_resources` VALUES (1816783240856473601, '修改', '/groups/edit', 1816782622280519682, '', '', '', 'api', '/groups/edit', '', '', 0, 0, 1, 4, 'read', 'GET', '', 1, 0, '', 1000000, '2024-07-26 18:30:53', NULL, '2024-07-26 18:30:53');
INSERT INTO `lda_resources` VALUES (1816783300579168258, '删除', '/groups/delete/**', 1816782622280519682, '', '', '', 'api', '/groups/delete/**', '', '', 0, 0, 1, 5, 'read', 'GET', '', 1, 0, '', 1000000, '2024-07-26 18:31:08', 1000000, '2024-07-26 18:43:27');
INSERT INTO `lda_resources` VALUES (1816783426097909761, '查询已授权成员', '/groups/member/fetchAuthList', 1816782622280519682, '', '', '', 'api', '/groups/member/fetchAuthList', '', '', 0, 0, 1, 6, 'read', 'GET', '', 1, 0, '', 1000000, '2024-07-26 18:31:38', NULL, '2024-07-26 18:31:38');
INSERT INTO `lda_resources` VALUES (1816783525406445569, '添加成员', '/groups/member/addMember', 1816782622280519682, '', '', '', 'api', '/groups/member/addMember', '', '', 0, 0, 1, 7, 'read', 'GET', '', 1, 0, '', 1000000, '2024-07-26 18:32:01', NULL, '2024-07-26 18:32:01');
INSERT INTO `lda_resources` VALUES (1816783605815447554, '删除成员', '/groups/member/removeMember', 1816782622280519682, '', '', '', 'api', '/groups/member/removeMember', '', '', 0, 0, 1, 8, 'read', 'GET', '', 1, 0, '', 1000000, '2024-07-26 18:32:20', NULL, '2024-07-26 18:32:20');
INSERT INTO `lda_resources` VALUES (1816783714766688258, '查询未授权成员', '/groups/member/fetchNotAuthList', 1816782622280519682, '', '', '', 'api', '/groups/member/fetchNotAuthList', '', '', 0, 0, 1, 9, 'read', 'GET', '', 1, 0, '', 1000000, '2024-07-26 18:32:46', NULL, '2024-07-26 18:32:46');
INSERT INTO `lda_resources` VALUES (1816783804650622977, '授权资源', '/groups/resource/authResource', 1816782622280519682, '', '', '', 'api', '/groups/resource/authResource', '', '', 0, 0, 1, 10, 'read', 'GET', '', 1, 0, '', 1000000, '2024-07-26 18:33:08', NULL, '2024-07-26 18:33:08');
INSERT INTO `lda_resources` VALUES (1816783929477304322, '获取授权资源集合', '/groups/resource/getAuthResourceIds/**', 1816782622280519682, '', '', '', 'api', '/groups/resource/getAuthResourceIds/**', '', '', 0, 0, 1, 11, 'read', 'GET', '', 1, 0, '', 1000000, '2024-07-26 18:33:38', NULL, '2024-07-26 18:33:38');
INSERT INTO `lda_resources` VALUES (1816785596629331969, '获取菜单资源树', '/resources/systemTree', 1816782622280519682, '', '', '', 'api', '/resources/systemTree', '', '', 0, 0, 1, 12, 'read', 'GET', '', 1, 0, '', 1000000, '2024-07-26 18:40:15', NULL, '2024-07-26 18:40:15');

-- ----------------------------
-- Records of lda_sms_provider
-- ----------------------------
INSERT INTO `lda_sms_provider` VALUES (1812773251996999681, 'test', 'https://testy.com', 'test', 'test', '短信测试', 1000000, '2024-07-15 16:56:38', 2000000, '2024-07-26 17:29:54', 0);


-- ----------------------------
-- Records of lda_synchronizers
-- ----------------------------
INSERT INTO `lda_synchronizers` (`id`, `master_type`, `classify`, `cron`, `base_api`, `base_domain`, `base_dn`, `client_id`, `client_secret`, `user_client_secret`, `root_id`, `org_filter`, `user_filter`, `description`, `create_by`, `create_time`, `update_by`, `update_time`, `status`, `user_dn`, `group_dn`, `group_filter`, `openssl`, `sslfile`, `trust_store`, `trust_store_password`) VALUES (1, 0, 'openldap', '0 0 0/2 * * ?', 'ldaps://WIN-S804Q1FEPS4.ldapauth.com', 'ldapauth.com', 'OU=软件安全科技有限公司,DC=ldapauth,DC=com', 'ldapauth\\administrator', 'Shibl@123456', '', '33', '(&(objectClass=organizationalUnit))', '(&(objectClass=inetOrgPerson))', '测试1111111', NULL, '2024-07-08 01:55:30', 1000000, '2024-09-25 10:39:58', 0, 'OU=软件安全科技有限公司,DC=ldapauth,DC=com', 'OU=软件安全科技有限公司,DC=ldapauth,DC=com', '(&(objectClass=groupOfNames))', 1, 0x308203853082026DA00302010202101741A62D140D4DB84C1294CF9E343F56300D06092A864886F70D01010B0500305531133011060A0992268993F22C6401191603636F6D31183016060A0992268993F22C64011916086C64617061757468312430220603550403131B6C646170617574682D57494E2D53383034513146455053342D4341301E170D3234303931393037303231345A170D3334303931393037313231345A305531133011060A0992268993F22C6401191603636F6D31183016060A0992268993F22C64011916086C64617061757468312430220603550403131B6C646170617574682D57494E2D53383034513146455053342D434130820122300D06092A864886F70D01010105000382010F003082010A0282010100CF9C0903379C784C97A4957EAB8D9A3EE5409C152755ACDFAF4B5C13EBF5A7BAE0DC2CDE672B4AABBD93BCFD299DA43E32C2E56A3ECB3F66DAE201ECA100DB8127571B1C31529ABAB4FD055143447D36E66090F01344259E7910ED77887564706FAE7FDF015DE4CE30B4EA3D10DB7925E379A59A4772CB9250D39EE9EB264AA0CDB158CA9B15F88AB1767C4420E7BC7CAE6F7F397A0C7208511C1A279E8FF075DB6BD6B72115971F99C35004685F2D2D60F64B99D323C50A9FD7471F2F780C373281D22FA368B21AFC1F5781220C98FAEFC218A6FD4FD7BA7AA4E68DF406838E64C878843C1D0A41333B831051C3A1F3F85A4FC6F0A53F299493DF679C6CCAAF0203010001A351304F300B0603551D0F040403020186300F0603551D130101FF040530030101FF301D0603551D0E04160414B791EABCD0CC82DF44C61B815A51DAF4B6629C3B301006092B06010401823715010403020100300D06092A864886F70D01010B0500038201010070C7FF2E378350FE1FA72CC3F6D4CDDA032F2ABD6DA099C5756AD2F3108EBEF6A6DC5EC32E1740E3239455A3FC0370E939572F313EF0765EBCFAC271D4BF8D18466CC8E1D54D9340505058A33CDABC711013676E97A3974271BE8F0D2C57BDBC40B86857ADDC87081DDA53F16B75F16B71472CC87A167DE431A5AC273E726270525FDF6E4A524C199F53547D081F53EA13E0640CFF074B8700515718553CA227DE603CD683C0CDC20B40F676E105432F667C271377BB64D255E150EE882A32FFB07D3DB16E3974928D046936FF3BC34A92F63778492A704ACC439D99A66BA9002EA679C6B173F342CEC9BC5D840E32DE94F765192E1E79445CEC30B8983ED02B, '/app/ldapauth/trustStore', 'changeit');
INSERT INTO `lda_synchronizers` (`id`, `master_type`, `classify`, `cron`, `base_api`, `base_domain`, `base_dn`, `client_id`, `client_secret`, `user_client_secret`, `root_id`, `org_filter`, `user_filter`, `description`, `create_by`, `create_time`, `update_by`, `update_time`, `status`, `user_dn`, `group_dn`, `group_filter`, `openssl`, `sslfile`, `trust_store`, `trust_store_password`) VALUES (2, 1, 'dingding', '0 0 0/6 * * ?', 'https://oapi.dingtalk.com', 'test.com', '', 'dingyviongfdpz6fwgqi', 'jJAh0wF_gm3iRomcSgXqy8QsCZqiudNBV5qr1imObmJkTGZxPvofDEa53NbTUiCD', '', '1', '', '', '3333', NULL, '2024-07-08 01:55:30', 1000000, '2024-07-26 11:33:17', 0, NULL, NULL, NULL, NULL, NULL, NULL, NULL);
INSERT INTO `lda_synchronizers` (`id`, `master_type`, `classify`, `cron`, `base_api`, `base_domain`, `base_dn`, `client_id`, `client_secret`, `user_client_secret`, `root_id`, `org_filter`, `user_filter`, `description`, `create_by`, `create_time`, `update_by`, `update_time`, `status`, `user_dn`, `group_dn`, `group_filter`, `openssl`, `sslfile`, `trust_store`, `trust_store_password`) VALUES (3, 1, 'feishu', '0 0 0/6 * * ?', 'https://open.feishu.cn', 'test.com', '', 'cli_a47c4a69927cd00c', 'iJzkKvpkwremoxct1CBRcZV4pQS33pDD', '', '0', '', '', '', NULL, '2024-07-08 01:55:30', 1000000, '2024-07-22 15:40:40', 0, NULL, NULL, NULL, NULL, NULL, NULL, NULL);
INSERT INTO `lda_synchronizers` (`id`, `master_type`, `classify`, `cron`, `base_api`, `base_domain`, `base_dn`, `client_id`, `client_secret`, `user_client_secret`, `root_id`, `org_filter`, `user_filter`, `description`, `create_by`, `create_time`, `update_by`, `update_time`, `status`, `user_dn`, `group_dn`, `group_filter`, `openssl`, `sslfile`, `trust_store`, `trust_store_password`) VALUES (4, 1, 'workweixin', '0 0 0/6 * * ?', 'https://qyapi.weixin.qq.com', 'test.com', '', 'ww6a05cde21c63febf', '4itUwnnGbUA7JfX0js0SuUng7iGi4pGKhYUNy7f1A3o', 'I2xY_oD9u7W86ejyKcPzJHQfr4zD-xOOTCfXyb6FgUI', '1', '', '', '', NULL, '2024-07-08 01:55:30', 1000000, '2024-07-22 17:05:11', 0, NULL, NULL, NULL, NULL, NULL, NULL, NULL);

-- ----------------------------
-- Records of lda_system
-- ----------------------------
INSERT INTO `lda_system` VALUES (1, '/file/preview/1818184498092711938', 'Ldap认证管理系统', 'Copyright © 2024 ldapauth.com All Rights Reserved', 0, '2024-07-23 12:11:48', 1000000, '2024-07-30 15:19:00');

-- Records of lda_userinfo
-- ----------------------------
INSERT INTO `lda_userinfo` VALUES (1000000, 'system', '', 'admin', '{plain}ldapauth@2024', NULL, 0, '管理员', '1', '/file/preview/1814189516703715329', 'shibanglin@1895880860663136.onaliyun.com', '18661261007', '1969-12-25', 1813150338151297026, 1, NULL, 0, '2024-07-29 17:18:52', '2024-07-26 18:55:30', 0, 0, NULL, 1000000, '2024-07-24 10:31:58', 0, '2024-07-30 17:15:18', '192.168.31.243', 0, '1970-01-01 00:00:00', NULL, NULL, '');
INSERT INTO `lda_userinfo` VALUES (2000000, 'system', '', 'user', '{plain}123456', NULL, 0, '123456', '123', '/file/preview/1816788069028896770', 'asd@qq.com', '19398194783', '1970-01-01', 1813150338151297026, 1, NULL, 0, '1970-01-01 00:00:00', '1970-01-01 00:00:00', 0, 0, NULL, 2000000, '2024-07-26 18:48:24', 0, '2024-07-31 09:27:58', '192.168.31.63', 0, '1970-01-01 00:00:00', NULL, NULL, '');

SET FOREIGN_KEY_CHECKS = 1;
